INT,STRING,INT.1,STRING.1,STRING.2,STRING.3,STRING.4,STRING.5,STRING.6,STRING.7,STRING.8,STRING.9,STRING.10,INT.2,STRING.11,INT.3,STRING.12,INT.4,STRING.13,INT.5,STRING.14,INT.6,STRING.15,INT.7,STRING.16
ID,说明,开关,参数1,参数1说明,参数2,参数2说明,参数3,参数3说明,参数4,参数4说明,参数5,参数5说明,参数6,参数6说明,参数7,参数7说明,参数8,参数8说明,参数9,参数9说明,参数10,参数10说明,参数11,参数11说明
1,战斗力过滤,1,",431258,223389,223631,165771,384802,150340,96930,90161,401946,396950,350790,328287,187373,534997,472838,230695,104300,140634,217635",各分区战斗力数值,,,,,,,,,10000,默认战斗力,,,,,,,,,,
2,战斗外挂踢次数,1,,,,,,,,,,,3,超过3次踢,,,,,,,,,,
3,金锤奖励时间,1,2013/4/24,开始时间DAY,0:00:00,开始时间H,2013/4/27,结束时间DAY,23:59:59,结束时间H,,,,,,,,,,,,,,
4,月末回馈活动,1,2013/3/27,开始时间DAY,0:00:00,开始时间H,2013/3/30,结束时间DAY,23:59:59,结束时间H,,,50000,进入排行榜最小Q点,,,,,,,,,,
5,解密数量设置,1,,,,,,,,,,,30,每个玩家收到不解密包上限,5000,服务器收到包刷新设置,,,,,,,,
6,邀请好友礼物保留天数,1,,,,,,,,,,,3,天数,,,,,,,,,,
7,分享游戏奖励,1,,,,,,,,,,,5,最大次数,30,奖励功勋,,,,,,,,
8,召回好友奖励,1,2013/6/20,开始时间DAY,0:00:00,开始时间H,2013/6/30,结束时间DAY,23:59:59,结束时间H,,,30022,奖励物品ID,1,奖励数量,20,奖励额度,3,每日最大奖励数量,,,,
9,幸运数字消耗、奖励,1,,,,,,,,,,,20059,奖励物品ID,1,奖励数量,150,CostCredit,,,,,,
10,将领评分过滤,1,",7949,7327,7257,7016,6419,4859,4278,4109,6449,6418,5995,5902,5363,6849,6512,5275,4356,4615,5629,5218,5225",各分区将领评分过滤数值,,,,,,,,,1000,默认评分,,,,,,,,,,
11,出战将领总评分过滤,1,",31678,30867,30562,29251,22580,10207,6477,6150,23810,23532,21164,19452,30669,28004,25702,13316,6284,6835,12589,8166,9546",各分区出战将领总评分过滤数值,,,,,,,,,2000,默认总评分,,,,,,,,,,
12,幸运宝箱活动1,1,2013/3/13,开始时间DAY,0:00:00,开始时间H,2013/3/15,结束时间DAY,23:59:59,结束时间H,,,100,幸运用户概率,0,普通用户概率,1,每日用户抽奖次数,,,,,,
13,幸运宝箱活动2,1,2013/3/16,开始时间DAY,0:00:00,开始时间H,2013/3/18,结束时间DAY,23:59:59,结束时间H,,,30,幸运用户概率,30,普通用户概率,1,每日用户抽奖次数,,,,,,
14,爬塔设置,1,,,,,,,,,,,2,每天免费刷新次数,1,每天付费刷新次数,100,付费刷新价格,1,爬塔是否开启,1,战略兵营是否开启,,
15,战略兵营人口设置,1,,,,,,,,,,,5,将领品质增加,6,默认数量,500,默认陆军人口,125,默认空军人口,15,将领带兵个数上限,,
16,幸运数字,1,2013/3/31,开始时间DAY,0:00:00,开始时间H,2013/4/3,结束时间DAY,23:59:59,结束时间H,,,72,总期数,3600,时间间隔,1,排序数字,300,提前停止下注时间,,,,
17,幸运魔盒,1,2024/6/27,开始时间DAY,0:00:00,开始时间H,2024/7/27,结束时间DAY,23:59:59,结束时间H,,,3888,消耗勋章,30,有效时间（天）,1000000,100W金属,1000000,100W石油,10014,高级经验书道具ID,6888,高级魔盒购买消耗
18,基地探宝,1,,,,,,,,,,,20,去好友家探宝次数,3,被好友探宝次数,28800,好友被探宝CD时间【秒】,,,,,,
19,豪华黄钻,1,,,,,,,,,,,8,奖励资源百分比,,,,,,,,,,
20,51连续登陆奖励,1,,,,,,,,,,,20050,物品ID,20051,物品ID,20032,物品ID,3,奖励所需天数,,,,
21,（星星达人）每日充值活动,1,,开始时间DAY,,开始时间H,,结束时间DAY,,结束时间H,,,200,充值额度,1,奖励TOKEN,1000,充值额度,2,奖励TOKEN,5000,充值额度,3,奖励TOKEN
22,竞技场相关设置,1,",30,60,90,120,150,180,210,240,270,300,300,300,300,300,300,300,300,300,300,300",购买所花勋章,0,竞技场开关[0活动看配表1一直有效-1关闭],1,竞技场全部清除数据开关,,,,,0,竞技场进入玩家等级,15,竞技场进入PVE关卡数,10,每日免费次数,20,每日收费次数,5,挑战胜利积分,2,挑战失败积分
23,PVE排行版数据过滤,1,",59,57,56,53,36,17,15,15,40,40,36,33,20,53,46,23,15,15,21",各分区将PVE排行版过滤数值,,,,,,,,,15,默认数值,,,,,,,,,,
24,自动修复基地数量5秒,1,,,,,,,,,,,10,数量,,,,,,,,,,
25,明日之星奖励时间,1,2013/7/22,开始时间DAY,8:00:00,开始时间H,2013/7/23,结束时间DAY,23:59:59,结束时间H,,,,,,,,,,,,,,
26,（5折买实验室探索卡）邀请好友活动奖励时间,1,2014/2/3,开始时间DAY,0:00:00,开始时间H,2014/2/7,结束时间DAY,23:59:59,结束时间H,,,,,,,,,,,,,,
27,世界竞技场相关设置,1,",30,60,90,120,150,180,210,240,270,300",购买所花勋章,",1,1,1,1,1,1,1,1,1,1,1",各分区世界竞技场开关[0关闭-1开启],1,世界竞技场全部清除数据开关,,,,,5,每日免费次数,10,每日收费次数,5,挑战胜利积分,2,挑战失败积分,,,,
28,光棱塔设置,1,200,协助范围,",0.65,0.7,0.75",光棱塔协助个数对协助放攻击加成,,,,,,,,,,,,,,,,,,
29,防沉迷设置,1,,,,,,,,,,,1,开关,180,减半时间(分钟),50,减半比例,300,失效时间(分钟),0,失效比例,600,清除数据时间(秒)
30,空中堡垒设置,1,45,攻击冷却倍率,50,各个炸弹的间距,,,,,,,,,,,,,,,,,,
31,献礼·国战活动,1,2014/2/8,开始时间DAY,19:00:00,开始时间H,2014/2/11,结束时间DAY,19:59:59,结束时间H,,,17,最低等级,12001,奖励ID,,,,,,,,
32,黄钻活动（黄钻积分）,1,2015/11/23,开始时间DAY,0:00:00,开始时间H,2015/11/25,结束时间DAY,23:59:59,结束时间H,,,70002,物品ID,126,最大次数,,,,,,,,
33,国家官员设置,1,,,,,,,,,,,1,国家官员开关,,,,,,,,,,
34,等级礼包分区限制,1,,,,,,,,,,,0,等级礼包分区限制,,,,,,,,,,
35,战友招募,1,2014/1/14,开始时间DAY,0:00:00,开始时间H,2014/1/21,结束时间DAY,23:59:59,结束时间H,,,10042,物品ID,10,最大绑定次数,,,,,,,,
36,装备强化活动,1,2024/7/20,开始时间DAY,0:00:00,开始时间H,2024/7/21,结束时间DAY,23:59:59,结束时间H,,,,,,,,,,,,,,
37,跨区竞技场相关设置,1,",30,60,90,120,150,180,210,240,270,300,300,300,300,300,300,300,300,300,300,300",购买所花勋章,1,跨区竞技场开关[0关闭-1开启],1,跨区竞技场全部清除数据开关,,,,,10,每日免费次数,20,每日收费次数,,,15,竞技场进入PVE关卡数,,,,
38,防守活动外挂,1,1,是否开启,,,,,,,,,,,,,,,,,,,,
39,PVE战役相关数值,1,,,,,,,,,,,14400,军令刷新时间,10,最大军令数量,1,PVE开关 1:开 0:关,,,,,,
40,英雄战斗力排行,1,,各分区过滤数值,,,,,,,,,5000,默认,,,,,,,,,,
41,个人英雄总战斗力排行,1,,各分区过滤数值,,,,,,,,,10000,默认,,,,,,,,,,
42,超值月卡,1,,,,,,,,,,,30,领取天数,200,领取勋章,,,,,,,,
43,英雄竞技场相关设置,1,",30,60,90,120,150,180,210,240,270,300,300,300,300,300,300,300,300,300,300,300",购买所花勋章,",1,1,1,1,1,1,1,1,1,1,1",各分区世界竞技场开关[0关闭-1开启],1,英雄竞技场全部清除数据开关,,,,,10,每日免费次数,20,每日收费次数,5,挑战胜利积分,2,挑战失败积分,,,,
44,探宝军火库,1,2015/5/29,开始时间DAY,0:00:00,开始时间H,2015/5/31,结束时间DAY,23:59:59,结束时间H,,,3,每日免费次数,50,单次勋章消耗,300,每日付费挖宝上限,5000,挖宝给石油,,,,
45,将领招募必得紫将,1,1,开启神将兑换,6,次数,,,,,,,1,低级招募次数,50,,1,中级招募次数,50,,1,高级招募次数,50,
46,新·全民抽奖,1,2024/1/25,开始时间DAY,0:00:00,开始时间H,2024/1/26,结束时间DAY,23:59:59,结束时间H,,,1,每日免费次数,100,单次勋章消耗,,,,,,,,
47,配件新位置,1,,,,,,,,,,,2,额外配件数量,5,第一个位置给的道具数,10083,经验配件ID,5,第二个位置给的道具数,10083,经验配件ID,,
48,你消费我送礼,1,2023/1/3,开始时间DAY,0:00:00,开始时间H,2023/1/4,结束时间DAY,23:59:59,结束时间H,,,10094,消费达到5000勋章的礼包id,10095,消费达到15000勋章的礼包id,10096,消费达到35000勋章的礼包id,10097,消费达到85000勋章的礼包id,,,,
49,每日首充,1,,,,,,,,,,,1000,低级军火充值所需勋章,2000,中级军火充值所需勋章,5000,高级军火充值所需勋章,,,,,,
50,徽记新位置,1,,,,,,,,,,,2,额外徽记数量,5,第一个位置给的道具数,80115,经验徽记ID,5,第二个位置给的道具数,80115,经验徽记ID,,
51,充值拿好礼,1,2024/7/20,开始时间DAY,0:00:00,开始时间H,2024/7/21,结束时间DAY,23:59:59,结束时间H,,,10114,充值达到100勋章的礼包id,10115,充值达到500勋章的礼包id,10116,充值达到2000勋章的礼包id,10117,充值达到5000勋章的礼包id,10118,充值达到10000勋章的礼包id,10119,充值达到30000勋章的礼包id
52,小充值大折扣,1,2024/7/20,开始时间DAY,0:00:00,开始时间H,2024/7/21,结束时间DAY,23:59:59,结束时间H,,,998,开启礼包购买需每日充值勋章数,,,,,,,,,,
53,空降军需官第一档,1,,,,,,,,,,,14081,第一天返利ID,14082,第2天返利ID,14082,第3天返利ID,14082,第4天返利ID,14082,第5天返利ID,1073,q点表id
54,空降军需官第三档,1,,,,,,,,,,,14085,第一天返利ID,14086,第2天返利ID,15426,第3天返利ID,15426,第4天返利ID,15425,第5天返利ID,1074,q点表id
55,空降军需官第二档,1,,,,,,,,,,,14083,第一天返利ID,14084,第2天返利ID,14084,第3天返利ID,14084,第4天返利ID,15424,第5天返利ID,1075,q点表id
56,超级翻翻乐,1,2023/10/18,开始时间DAY,0:00:00,开始时间H,2023/10/19,结束时间DAY,23:59:59,结束时间H,,,10073,剩余实验室金币,10073,转换物品1,10074,剩余高级招募金币,10074,转换物品2,,,,
57,神将抽不停,1,2016/3/10,开始时间DAY,0:00:00,开始时间H,2016/3/11,结束时间DAY,23:59:59,结束时间H,,,200,高级招募次数,,,,,,,,,,
58,一刀切防沉迷（未通过未成年认证的均不能进入游戏）,0,,,,,,,,,,,1,开关,,,,,,,,,,
59,探囊取物,1,2024/7/16,开始时间DAY,0:00:00,开始时间H,2024/7/17,结束时间DAY,23:59:59,结束时间H,,,,探索30次获得礼包ID,,探索50次获得礼包ID,,探索75次获得礼包ID,,探索100次获得礼包ID,,,,
60,名将buff开关,1,,,,,,,,,,,1,开关,,,,,,,,,,
61,英雄回归宝箱,1,2016/6/15,开始时间DAY,0:00:00,开始时间H,2016/6/17,结束时间DAY,23:59:59,结束时间H,,,7,流失天数,1,领取第一天宝箱数量,30,流失天数,2,领取第一天宝箱数量,,,,
62,开箱积分换礼,1,2024/7/20,开始时间DAY,0:00:00,开始时间H,2024/7/21,结束时间DAY,23:59:59,结束时间H,,,1,开启中级补给箱获得的积分,10,开启高级补给箱获得的积分,,,,,,,,
63,招财进宝,1,2024/6/29,开始时间DAY,0:00:00,开始时间H,2024/6/30,结束时间DAY,23:59:59,结束时间H,,,1,初始的招财类型,10,最大招财次数,100,领取燃烧弹需要充值的勋章数量,14264,燃烧弹GameReward礼包id,,,,
64,满减268,1,2024/7/17,开始时间DAY,0:00:00,开始时间H,2024/7/18,结束时间DAY,23:59:59,结束时间H,,,998,满足此消费数量可以获得减免折扣,268,减免所获得折扣的勋章量,30000,玩家当天购买上限的勋章量,,,,,,
65,国庆活动（福利Go）,1,2023/7/16,开始时间DAY,0:00:00,开始时间H,2023/7/17,结束时间DAY,23:59:59,结束时间H,,,288,每次抽取消费勋章数量,200,解锁需要消费勋章数量,1,活动期间免费抽取次数,,,,,,
66,新用户豪华礼包,1,2016/10/26,开始时间DAY,0:00:00,开始时间H,2016/11/1,结束时间DAY,23:59:59,结束时间H,,,20474,物品ID,,,,,,,,,,
67,超级招募卡,1,2024/7/18,开始时间DAY,0:00:00,开始时间H,2024/7/18,结束时间DAY,23:59:59,结束时间H,,,10080,道具ID,1,每次招募消耗道具数量,20,必得紫将重置的次数,,,,,,
68,圣诞寻雪人,1,2020/12/23,开始时间DAY,0:00:00,开始时间H,2020/12/25,结束时间DAY,23:59:59,结束时间H,,,50,抽取概率百分比,16,有冰天雪地皮肤能获得的雪人的最大个数,9,没有冰天雪地皮肤能获得的雪人的最大个数,10800,探索的间隔时间,8,每天探索的最大次数，在这个活动期间内探宝活动的最大次数,20059,大雪人的ID(WeaponDropData)
69,春节红包大派送,1,2023/1/21,开始时间DAY,0:00:00,开始时间H,2023/1/26,结束时间DAY,23:59:59,结束时间H,,,10,有皮肤的玩家每天赠送不同好友红包最大个数,1,没有皮肤的玩家可接收红包个数,8,有皮肤玩家可接收红包个数,30,皮肤的结束时间(精确到秒),30211,春节红包ID（item）,,
70,福袋收集、欢乐同庆会,1,2021/5/10,开始时间DAY,0:00:00,开始时间H,2021/5/19,结束时间DAY,23:59:59,结束时间H,,,95,大循环的行为的最大个数,15,大循环获得福袋子的最大个数,6,小循环的个数,1,小循环必得个数,102,随机概率（百分比）,30149,福袋的id
71,元宵转好运,1,2023/2/5,开始时间DAY,0:00:00,开始时间H,2023/2/7,结束时间DAY,23:59:59,结束时间H,,,50,参与抽奖消耗的勋章,25,半价抽奖的机会消耗的勋章,3,每天的半价机会,450,十连抽消耗的勋章,30102,红包ID,500,最大红包个数
72,闹元宵/国庆大作战,1,2020/10/1,开始时间DAY,0:00:00,开始时间H,2020/10/8,结束时间DAY,23:59:59,结束时间H,,,6,循环次数,1,循环内必得数量,50,每次得到的概率,9999,每天获得的次数上限,2,排行榜延长几天,,
73,惊天柱限时大放送,1,2017/2/26,开始时间DAY,0:00:00,开始时间H,2017/2/26,结束时间DAY,23:59:59,结束时间H,,,35,兑换惊天柱需要的积分数,14237,兑换惊天柱信物的奖励id,50,兑换最大次数,10,每次使用高招或豪饮得到的积分数量,,,,
74,黑市交易,1,2024/7/20,开始时间DAY,0:00:00,开始时间H,2024/7/21,结束时间DAY,23:59:59,结束时间H,,,10,刷新需要勋章,4,同时显示的待兑换物品数量,,,,,,,,
75,钜惠活动,0,,,,,,,,,,,,,,,,,,,,,,
76,惊天柱大转盘,1,2024/7/23,开始时间DAY,0:00:00,开始时间H,2024/7/23,结束时间DAY,23:59:59,结束时间H,,,10086,抽奖券id,1,每获得1个紫将后获得抽奖券个数,1,抽奖消耗奖券个数,30,最大抽奖值,14250,第一次抽取必定获得奖励内容,,
77,军功兑好礼,1,2024/7/22,开始时间DAY,0:00:00,开始时间H,2024/7/23,结束时间DAY,23:59:59,结束时间H,,,10107,奖励ID,5,最多获取次数,240,兑换消耗军功,5,每次攻击给的军功点,,,,
78,献礼八一·限时授勋,1,2020/6/28,开始时间DAY,0:00:00,开始时间H,2020/6/29,结束时间DAY,23:59:59,结束时间H,,,10,开启折扣需求的精英授勋次数,100,活动期间可享受折扣授勋总次数,99,勋章授勋折扣价,,,,,,
79,充值送礼,1,2022/8/24,开始时间DAY,0:00:00,开始时间H,2022/8/26,结束时间DAY,23:59:59,结束时间H,",33,","活动生效的区列表（-1代表所有区）,0代表一区，逗号分隔",0,,20484,新服充值礼包1道具id,20485,新服充值礼包2道具id,20486,新服充值礼包3道具id,20487,新服充值礼包4道具id,20488,新服充值礼包5道具id
80,消费送礼,1,2022/8/26,开始时间DAY,0:00:00,开始时间H,2022/8/26,结束时间DAY,23:59:59,结束时间H,",33,","活动生效的区列表（-1代表所有区）,0代表一区，逗号分隔",20494,新服消费参与礼包,20489,新服消费第1名礼包,20490,新服消费第2名礼包,20491,新服消费第3名礼包,20492,新服消费4-5名礼包,20493,新服消费6-10名礼包
81,国战限时行动力,1,,,,,,,,,,,20,开始时间（整点）,20,结束时间（整点）,2,活动期间每次进攻减免的行动力数量（例如填写2，每次进攻消耗3点行动力）,,,,,,
82,腊八送福,1,2020/1/2,开始时间DAY,0:00:00,开始时间H,2020/1/3,结束时间DAY,23:59:59,结束时间H,,,5,兑换招募卡自选包需要腊八粥数量,50,实验室探索多少次获得1个腊八粥,20,好友探宝多少次获得1个腊八粥,10,腊八粥换高招次数上限,110011,5个腊八粥兑换的奖励内容,,
83,实名,1,,,,,,,,,,,1,强制开关（1开0关）,0,内网测试后端读值,0,未成年人每日在线时长上限,1,内网强制全体未成年标记0为开,,,,
84,火炮总评分过滤,1,,,,,,,,,,,5500,默认总评分,,,,,,,,,,
85,九周年共筑同心树,1,2021/5/20,开始时间DAY,0:00:00,开始时间H,2021/5/26,结束时间DAY,23:59:59,结束时间H,,,100,绑定限制数每公会,30,公会红包需要高级浇水几次,10,普通浇水经验,120,高级浇水经验,10154,泉水id,30150,红包id
86,九周年共筑同心树,1,2021/5/20,开始时间DAY,0:00:00,开始时间H,2021/5/27,结束时间DAY,23:59:59,结束时间H,,,,,,,,,,,,,,
87,参谋系统开关,1,,,,,,,,,,,1,0为关否则开,,,,,,,,,,
88,招募参谋限时活动,1,2024/7/24,开始时间DAY,0:00:00,开始时间H,2024/7/25,结束时间DAY,23:59:59,结束时间H,,,5,中招给魂,25,高招给魂,5000,每天魂上限,30,随机紫将卡次数,5,首招次数,14460,首招奖励
89,参谋大兑换,1,2024/7/24,开始时间DAY,0:00:00,开始时间H,2024/7/25,结束时间DAY,23:59:59,结束时间H,,,1200,兑换消耗参谋魂数量,,,,,,,,,,
90,每周任务,1,",100,200",收费翻牌需勋章,",1001,1002,1003,1004,1005,1006",任务列表,,,,,,,1,功能开关1为开,1,免费翻牌次数,1,周几开启接受任务,1,,,,,
91,对对碰活动,1,2023/10/19,开始时间DAY,0:00:00,开始时间H,2023/10/20,结束时间DAY,23:59:59,结束时间H,,,20,收费翻牌勋章,100,翻牌中奖率百分比,1,每天免费次数,5,免费抽额外奖励上限,,,,
92,金猪活动/瑞鼠迎春/金牛贺岁/金虎献瑞,1,2024/2/9,开始时间DAY,0:00:00,开始时间H,2024/2/23,结束时间DAY,23:59:59,结束时间H,,,200,普通金龙掉率,657,扫荡金龙掉率,,,,,,,,
93,参谋增援,1,2024/7/24,开始时间DAY,0:00:00,开始时间H,2024/7/26,结束时间DAY,23:59:59,结束时间H,,,,,,,,,,,,,,
94,参谋增援,1,2024/7/24,开始时间DAY,0:00:00,开始时间H,2024/7/25,结束时间DAY,23:59:59,结束时间H,,,,,,,,,,,,,,
95,神将达人,1,2020/8/1,开始时间DAY,0:00:00,开始时间H,2020/8/3,结束时间DAY,23:59:59,结束时间H,",5,10,100",中奖概率,14578,头奖ID,14579,奖励1,14580,奖励2,,,,,,
96,神将十连抽,1,2024/7/18,开始时间DAY,0:00:00,开始时间H,2024/7/19,结束时间DAY,23:59:59,结束时间H,,,,,,,,,,,,,,
97,中秋中国结,1,2024/5/1,开始时间DAY,0:00:00,开始时间H,2024/5/6,结束时间DAY,23:59:59,结束时间H,,,1,天官赐福1中国结0,,,,,,,,,,
98,魔盒额外奖励,1,,,,,,,,,,,14589,高档奖励新增自动化制造单*5,14588,低档奖励新增机械制造订单*4,0,本条不包括旧版魔盒原奖励资源坦克招财令,,,,,,
99,军备冲冲冲,1,"10,14590;50,14591;100,14592;200,14593;500,14594",,,,,,,,,,,,,,,,,,,,,
100,鼠你有钱面板开启时间,1,2024/2/9,开始时间DAY,0:00:00,开始时间H,2024/2/10,结束时间DAY,23:59:59,结束时间H,,,,,,,,,,,,,,
101,军备竞赛面板展示时间,1,2024/7/23,开始时间DAY,0:00:00,开始时间H,2024/7/25,结束时间DAY,23:59:59,结束时间H,,,,,,,,,,,,,,
102,军备竞赛活动计数时间,1,2024/7/23,开始时间DAY,0:00:00,开始时间H,2024/7/24,结束时间DAY,23:59:59,结束时间H,,,,,,,,,,,,,,
103,龙抬头活动,1,2022/3/4,开始时间DAY,0:00:00,开始时间H,2022/3/5,结束时间DAY,23:59:59,结束时间H,,,110015,每日登录领奖ID,5,登录奖励道具数量,500,国战行动力消耗,110011,消耗500国战行动力领奖ID,1,消耗行动力获得道具数量,,
104,国战达人,1,2024/7/24,开始时间DAY,0:00:00,开始时间H,2024/7/28,结束时间DAY,23:59:59,结束时间H,,,,,,,,,,,,,,
105,共庆八周年,1,2020/5/9,开始时间DAY,0:00:00,开始时间H,2020/5/20,结束时间DAY,23:59:59,结束时间H,,,1000,花多少勋章,500,花多少行动力,36,总计拼图块,1000,充值多少钱,,,,
106,参谋评分过滤,1,",7949,7327,7257,7016,6419,4859,4278,4109,6449,6418,5995,5902,5363,6849,6512,5275,4356,4615,5629,5218,5225",各分区参谋评分过滤数值,,,,,,,,,1000,默认评分,,,,,,,,,,
107,出战参谋总评分过滤,1,",31678,30867,30562,29251,22580,10207,6477,6150,23810,23532,21164,19452,30669,28004,25702,13316,6284,6835,12589,8166,9546",各分区出战参谋总评分过滤数值,,,,,,,,,2000,默认总评分,,,,,,,,,,
108,端午大胃王活动,1,2024/6/8,开始时间DAY,0:00:00,开始时间H,2024/6/10,结束时间DAY,23:59:59,结束时间H,,,3600,消食片可以减多少时间秒,10126,消食片ID,3,消食片每天发几个,1,活动类型1端午2腊八3青团,15617,全买额外送,,
109,书籍引导活动,1,2020/8/27,开始时间DAY,0:00:00,开始时间H,2020/8/28,结束时间DAY,23:59:59,结束时间H,,,3,PVE次数,150,国战次数,300,实验室次数,3,摧毁基地次数,30,军备自动化次数,,
110,教师节完美成绩单,1,2023/9/9,开始时间DAY,0:00:00,开始时间H,2023/9/11,结束时间DAY,23:59:59,结束时间H,,,3600,逢考必过可以减多少时间秒,10132,逢考必过ID,3,逢考必过每天发几个,15467,全部购送二选一ID,15468,全部购送二选一ID,,
111,指挥官补给站（军备）,1,2024/7/16,开始时间DAY,0:00:00,开始时间H,2024/7/19,结束时间DAY,23:59:59,结束时间H,,,14784,第一天返利ID,14785,第2天返利ID,14786,第3天返利ID,1214,q点表id,,,,
112,指挥官补给站（招募卡）,1,2024/7/16,开始时间DAY,0:00:00,开始时间H,2024/7/19,结束时间DAY,23:59:59,结束时间H,,,14787,第一天返利ID,14788,第2天返利ID,14789,第3天返利ID,1215,q点表id,,,,
113,雪人贺新春,1,2024/2/1,开始时间DAY,0:00:00,开始时间H,2024/2/4,结束时间DAY,23:59:59,结束时间H,,,2,馈赠循环次数,30133,雪人馈赠道具id,6,雪球宝箱获得循环数,30132,雪球宝箱id,8,堆1个雪人需要的雪球数量,10133,雪球id
114,新年祈福*牛气冲天,1,2023/1/1,开始时间DAY,0:00:00,开始时间H,2023/1/7,结束时间DAY,23:59:59,结束时间H,,,1,换兔年宝箱需要的奖券数量,30208,兔年宝箱的ID,12,兔步青云礼包兑换需要的奖券数量,20887,兔步青云礼包ID,25,好事成兔礼包兑换需要的奖券数量,20888,好事成兔礼包ID
115,幸运翻牌,1,2024/4/19,开始时间DAY,0:00:00,开始时间H,2024/4/21,结束时间DAY,23:59:59,结束时间H,,,10,每次翻牌获得积分,1200,多少积分进入排行榜,10159,幸运币的id,1,每日免费次数,,,,
116,全民赶年兽,1,2022/1/27,开始时间DAY,0:00:00,开始时间H,2022/1/31,结束时间DAY,23:59:59,结束时间H,,,1,普通攻击消耗,10,高级攻击消耗,10139,炮竹的id,10115,活动结束炮竹转换为id,,,,
117,元宵赏花灯,1,2024/2/24,开始时间DAY,0:00:00,开始时间H,2024/2/26,结束时间DAY,23:59:59,结束时间H,,,6,战斗的元宵的次数,20,灯谜答错刷新需要的勋章,14873,第一盏花灯gamereward,14874,第二盏花灯gamereward,14875,第三盏花灯gamereward,50,总题数
118,植树节招募令,1,2023/3/12,开始时间DAY,0:00:00,开始时间H,2023/3/18,结束时间DAY,23:59:59,结束时间H,,,10141,肥料的id,5,国战几次给果树种子,10141,每日首次完成种植送,600,解锁特惠礼包养分值,,,,
119,踏青季吃青团,1,2024/4/2,开始时间DAY,0:00:00,开始时间H,2024/4/4,结束时间DAY,23:59:59,结束时间H,,,3600,消食片可以减多少时间秒,10142,消食片ID,26,青团数量上限,3,清明节青团活动类型,15696,全买额外送,5,送消食片数量
120,致敬青春五四青年节,1,2023/8/1,开始时间DAY,0:00:00,开始时间H,2023/8/3,结束时间DAY,23:59:59,结束时间H,,,12,1号奖励起始时间（整点）,13,1号奖励结束时间,20,2号奖励起始时间,21,2号奖励结束时间,3,国战增益buff类型,3600,buff持续时间(秒)
121,母亲节祝福母亲,1,2024/5/11,开始时间DAY,0:00:00,开始时间H,2024/5/12,结束时间DAY,23:59:59,结束时间H,,,50,一号箱子活跃,80,二号箱子活跃,100,三号箱子活跃,14921,一号箱子奖励(reward),14922,二号箱子reward,14923,三号箱子reward
122,六一·重拾童趣,1,2024/6/1,开始时间DAY,0:00:00,开始时间H,2024/6/2,结束时间DAY,23:59:59,结束时间H,,,2,胜利积分数,1,失败积分数,5,登录免费糖果,2,连续失败几次下次必胜,2,五连时必定胜利的次数,10155,糖果id
123,心愿币-助战礼包,1,,,,,,,,,,,100,购买礼包额外赠送心愿币数量,,,,,,,,,,
124,心愿币-金币夺宝,1,,,,,,,,,,,0,金币寻宝充值20000档位获赠心愿币数量,,,,,,,,,,
125,心愿币-加强书籍限时送,1,,,,,,,,,,,7000,累计充值满40000勋章，领取奖励额外获赠心愿币,,,,,,,,,,
126,心愿币-战争令牌,1,,,,,,,,,,,500,25级获赠心愿币数量,500,购买1680档位获赠心愿币数量,,,,,,,,
127,夏日缤果乐,1,2023/12/22,开始时间DAY,0:00:00,开始时间H,2023/12/24,结束时间DAY,23:59:59,结束时间H,,,1,每天免费次数,5,每天金属抽取次数,5000000,消耗金属石油数量,10158,缤果卡id,2,最后一条线奖励倍率,,
128,心愿币-限时抢购,1,,,,,,,,,,,7000,心愿币数量,110009,英雄信物自选宝箱的id,4,英雄信物自选宝箱的数量,,,,,,
129,心愿币-指挥官补给站,1,,,,,,,,,,,15411,探索卡第4天返利ID,15412,招募卡第4天返利ID,5000,全买心愿币数量,10222,全买道具ID,1,全买道具数量,1,
130,八一献礼*全军出击,1,2024/7/15,开始时间DAY,0:00:00,开始时间H,2024/7/21,结束时间DAY,23:59:59,结束时间H,,,10,获得献礼宝箱需要的探索次数,1,获得献礼宝箱需要的高招高参豪饮次数,2,获得献礼宝箱需要的高级特工次数,3,获得献礼宝箱需要的征战次数,30156,献礼宝箱id,,
131,七夕鹊桥会,1,2023/8/18,开始时间DAY,0:00:00,开始时间H,2023/8/24,结束时间DAY,23:59:59,结束时间H,,,20800,鹊桥进度奖励,20962,购买礼包奖励1,30158,心愿宝箱id,20963,购买礼包奖励2,,,,
132,中秋·玉兔逐月,1,2022/9/4,开始时间DAY,0:00:00,开始时间H,2022/9/10,结束时间DAY,23:59:59,结束时间H,,,10,获得高级食材宝箱需要的探索次数,1,获得高级食材宝箱需要的高招高参豪饮次数,2,获得高级食材宝箱需要的高级特工次数,1,获得献礼宝箱需要的付费征战次数,30159,高级食材宝箱id,,
133,荣耀红警*华诞献礼,1,2022/10/1,开始时间DAY,0:00:00,开始时间H,2022/10/7,结束时间DAY,23:59:59,结束时间H,,,400,激活特惠购买烟花献礼次数,,,,,,,,,,
134,双11*锦鲤限时商店,1,2024/7/10,开始时间DAY,0:00:00,开始时间H,2024/7/12,结束时间DAY,23:59:59,结束时间H,,,,,,,,,,,,,,
135,火鸡派对,1,2022/11/19,开始时间DAY,0:00:00,开始时间H,2022/11/28,结束时间DAY,23:59:59,结束时间H,,,50000,公会累计捐献火鸡重量,1500,Q点各购买一次获得心愿币数量,,,,,,,,
136,圣诞许愿树,1,2022/12/19,开始时间DAY,0:00:00,开始时间H,2022/12/25,结束时间DAY,23:59:59,结束时间H,,,,,,,,,,,,,,
137,春福到,1,2023/1/21,开始时间DAY,0:00:00,开始时间H,2023/1/30,结束时间DAY,23:59:59,结束时间H,,,5000,解锁特惠礼包福气,,,,,,,,,,
138,兄弟集结令,1,2023/4/11,开始时间DAY,0:00:00,开始时间H,2023/4/30,结束时间DAY,23:59:59,结束时间H,,,,,,,,,,,,,,
139,夺宝幸运星,1,2023/5/1,开始时间DAY,0:00:00,开始时间H,2023/5/13,结束时间DAY,23:59:59,结束时间H,,,,,,,,,,,,,,
140,周年生日会,1,2023/5/4,开始时间DAY,0:00:00,开始时间H,2023/5/13,结束时间DAY,23:59:59,结束时间H,,,,,,,,,,,,,,
141,基地防守,1,2022/5/2,开始时间DAY,0:00:00,开始时间H,2022/5/11,结束时间DAY,23:59:59,结束时间H,,,10,基地防守时间,10,基地保卫战时间,,,,,,,,
142,许愿池,1,2024/7/2,开始时间DAY,0:00:00,开始时间H,2024/7/7,结束时间DAY,23:59:59,结束时间H,,,2,活动许愿天数,4,活动几天后领奖,20,购买上限,,,,,,
143,奖章优惠购,1,2024/7/17,开始时间DAY,0:00:00,开始时间H,2024/7/18,结束时间DAY,23:59:59,结束时间H,,,15763,全买额外送,0,加强型奖章自选卡ID,,,,,,,,
144,VIP配件助力活动,1,2024/5/30,开始时间DAY,0:00:00,开始时间H,2024/5/31,结束时间DAY,23:59:59,结束时间H,,,3,征战次数,150,国战次数,300,实验室探索次数,3,摧毁基地次数,3,高级招募将领次数,,
145,限时消费返利,1,2024/7/16,开始时间DAY,0:00:00,开始时间H,2024/7/18,结束时间DAY,23:59:59,结束时间H,,,88000,进入排行需要的最小消费,10,排行榜人数,,,,,,,,
146,充值返利,1,2024/7/15,开始时间DAY,0:00:00,开始时间H,2024/7/19,结束时间DAY,23:59:59,结束时间H,,,60000,进入全服排行榜勋章数,20,排行榜人数,,,,,,,,
147,QQ游戏20年*集字换礼,1,2023/8/1,开始时间DAY,0:00:00,开始时间H,2023/8/31,结束时间DAY,23:59:59,结束时间H,,,10,第四档奖励需要的道具数量,,,,,,,,,,
148,超级能量包,1,2024/7/22,开始时间DAY,0:00:00,开始时间H,2024/7/23,结束时间DAY,23:59:59,结束时间H,,,15458,第一个勋章礼包GameRewardID,1680,价格,15459,第二个勋章礼包GameRewardID,4280,价格,15463,全部购买后奖励的礼包的GameRewardID,,
149,庆生返利,1,2024/7/15,开始时间DAY,0:00:00,开始时间H,2024/7/19,结束时间DAY,23:59:59,结束时间H,,,10000,额外获得勋章上限,,,,,,,,,,
150,荣耀达人,1,2024/7/1,开始时间DAY,0:00:00,开始时间H,2024/7/30,结束时间DAY,21:59:59,结束时间H,,,20,上榜人数,1,奖励读取C列,,,,,,,,
151,荣耀达人,1,2024/6/1,开始时间DAY,0:00:00,开始时间H,2024/6/29,结束时间DAY,21:59:59,结束时间H,,,20,上榜人数,2,奖励读取D列,,,,,,,,
152,中秋玉兔逐月,1,2023/9/24,开始时间DAY,0:00:00,开始时间H,2023/9/30,结束时间DAY,23:59:59,结束时间H,,,10,投喂获得逐月里程值,,,,,,,,,,
153,荣耀红警*献礼十月,1,2023/10/1,开始时间DAY,0:00:00,开始时间H,2023/10/7,结束时间DAY,23:59:59,结束时间H,,,16,拼图格子数量,2880,解锁特权勋章数,350,进入全服排行榜数,50,上榜总人数,,,,
154,vip月卡特权,1,,,,,,,,,,,20000,集团人口数量,2500,基地人口数量,1,征战次数,10,免费刷新商店次数,,,,
155,炮手宝藏,1,2024/7/26,开始时间DAY,0:00:00,开始时间H,2024/7/30,结束时间DAY,23:59:59,结束时间H,,,50,上榜总人数,400,上榜最低消耗宝藏钥匙个数,,,,,,,,
156,感恩季火鸡派对,1,2023/11/23,开始时间DAY,0:00:00,开始时间H,2023/11/29,结束时间DAY,23:59:59,结束时间H,,,5,一次烹饪需要的道具数量,6500,上榜最低累计火鸡重量,50,上榜人数,8880,勋章购买价格,15554,8880勋章购买2880特权奖励,,
157,2023圣诞许愿树,1,2024/7/4,开始时间DAY,0:00:00,开始时间H,2024/7/8,结束时间DAY,23:59:59,结束时间H,,,12800,最低上榜积分,50,上榜人数,10,捐姜饼人获得分值,6,权益类型1英雄2参谋3强化装备4将领5配件中心6专属火炮,,,,
158,新年*神龙夺宝,1,2024/5/10,开始时间DAY,0:00:00,开始时间H,2024/5/14,结束时间DAY,23:59:59,结束时间H,,,1,夺宝一次消耗的道具,,,,,,,,,,
159,奖章缤果乐,1,2024/7/19,开始时间DAY,0:00:00,开始时间H,2024/7/23,结束时间DAY,23:59:59,结束时间H,,,250,最低上榜数,50,上榜人数,3880,勋章特权价格,15635,勋章特权奖励,,,,
160,2024春福到个人,1,2024/2/9,开始时间DAY,0:00:00,开始时间H,2024/2/15,结束时间DAY,23:59:59,结束时间H,,,12800,最低上榜积分,100,上榜人数,100,任意10个字卡兑换上限,,,,,,
161,植树节个人,1,2024/3/12,开始时间DAY,0:00:00,开始时间H,2024/3/16,结束时间DAY,23:59:59,结束时间H,,,9600,最低上榜积分,50,上榜人数,,,,,,,,
162,植树招募令,1,,,,,,,,,,,7,每次购买后领取天数,15691,免费奖励,15692,付费奖励,,,,,,
163,防外挂开关,1,,,,,,,,,,,1,0不开启1全部开2开启名单3按ID尾号踢,1,0不踢外挂 1踢外挂,2,ID的被除数,,,,,,
164,12周年集字换礼,1,2024/5/3,开始时间DAY,0:00:00,开始时间H,2024/5/7,结束时间DAY,23:59:59,结束时间H,,,12800,最低上榜积分,100,上榜人数,,,,,,,,
165,福利月卡,1,,,,,,,,,,,51,必得英雄信物自选宝箱次数,110009,英雄信物自选宝箱ID,50,英雄信物自选宝箱数量,,,,,,
