INT,INT.1,STRING,STRING.1,INT.2,INT.3,INT.4,INT.5,STRING.2,STRING.3,STRING.4,STRING.5,INT.6,INT.7,INT.8,INT.9,STRING.6,INT.10,STRING.7,INT.11,INT.12,INT.13,INT.14,INT.15,INT.16,INT.17,INT.18,STRING.8,Unnamed: 28,Unnamed: 29,Unnamed: 30
ID(ID),价格(Cost),图标(icon),说明(desc),有效(isUse),对应商品ID(GameRewardID),需要权限,类型(Type)1.建党 2.建军 3.抗战胜利 6.升级礼包10.VIP特权19.等级豪礼,开始时间,开始时间,结束时间,结束时间,排序,逻辑类型（1.特殊权限 2.每天购买 3.活动期间 4.无限购买 5.等级礼包 6.每周购买）,限制数量,首次购买特殊奖励ID,活动名称,等级,显示,价值,VIP等级,每月首充天数,起始等级,最大等级,情人节接受送花数量限制,统计类型：1直接统计 2累计统计 3特殊统计 ,累计统计勋章数,累计统计的道具列表,,,获得奖励
1001,100,july1001.png,实验室探索卡*4 中级招募卡*1,0,10002,10102,1,2013/7/1,0:00:00,2013/7/3,23:59:59,1,1,0,,建党礼包,,,,,,,,,,,,,,
1002,100,july1002.png,实验室探索卡*2 高级经验书*1,0,10001,10102,1,2013/7/1,0:00:00,2013/7/3,23:59:59,2,1,0,,建党礼包,,,,,,,,,,,,,,
1003,400,july1003.png,高级招募卡*1高级经验书*1,0,10003,10102,1,2013/7/1,0:00:00,2013/7/3,23:59:59,3,1,0,,建党礼包,,,,,,,,,,,,,,
1004,100,july1004.png,中级招募卡*2高级经验书*1,0,10004,10102,1,2013/7/1,0:00:00,2013/7/3,23:59:59,4,1,0,,建党礼包,,,,,,,,,,,,,,
1005,100,july1005.png,工厂探索卡*15 工程师*1,0,10005,10102,1,2013/7/1,0:00:00,2013/7/3,23:59:59,5,1,0,,建党礼包,,,,,,,,,,,,,,
1006,100,july1006.png,工厂探索卡*20医生*1,0,10006,10102,1,2013/7/1,0:00:00,2013/7/3,23:59:59,6,1,0,,建党礼包,,,,,,,,,,,,,,
1007,1000,August.png,工厂探索卡*100，中级招募卡*10，高级经验书*10,0,10008,,2,2013/8/1,0:00:00,2013/8/3,23:59:59,1,2,1,,建军荣耀礼包,,,,,,,,,,,,,,
1008,0,kangzhan1.png,"高级招募卡*2,实验室探索卡*10",1,10009,10103,3,2014/2/11,0:00:00,2014/2/12,23:59:59,2,1,0,,正月送豪礼,,,,,,,,,,,,,,
1009,500,kangzhan2.png,"高级招募卡*2,实验室探索卡*20,高级补给箱钥匙*20",1,10010,10103,3,2014/2/11,0:00:00,2014/2/12,23:59:59,4,1,0,,正月送豪礼,,,,,,,,,,,,,,
1010,1500,kangzhan3.png,"高级招募卡*5,实验室探索卡*20,高级补给箱钥匙*20",1,10011,10103,3,2014/2/11,0:00:00,2014/2/12,23:59:59,1,1,0,,正月送豪礼,,,,,,,,,,,,,,
1011,5000,kangzhan4.png,"高级招募卡*10,实验室探索卡*50,高级补给箱钥匙*50",1,10012,10103,3,2014/2/11,0:00:00,2014/2/12,23:59:59,3,1,0,,正月送豪礼,,,,,,,,,,,,,,
1012,250,kaixue1.png,100w金属卡*1，100w石油卡*1，实验室探索卡*10,1,10013,,4,2013/8/31,0:00:00,2013/9/1,23:59:59,1,2,1,,开学献礼包,,,,,,,,,,,,,,
1013,250,kaixue2.png,100w金属卡*1，100w石油卡*1，高级招募卡*2，高级经验书*2,1,10014,,4,2013/9/2,0:00:00,2013/9/3,23:59:59,1,2,1,,开学献礼包,,,,,,,,,,,,,,
1014,250,kaixue3.png,500w金属卡*1，500w石油卡*1，实验室探索卡*10,1,10015,,4,2013/9/4,0:00:00,2013/9/5,23:59:59,1,2,1,,开学献礼包,,,,,,,,,,,,,,
1015,10,luckyticket.png,幸运券,0,10016,,5,2013/11/26,0:00:00,2013/11/28,23:59:59,1,4,0,10017,10感恩·幸运券,,,,,,,,,,,,,,
1016,2,luckyticket1.png,幸运券*1,1,10030,,5,2013/12/18,0:00:00,2013/12/31,23:59:59,1,4,0,10017,12月幸运券,,,,,,,,,,,,,,
1017,10,luckyticket10.png,幸运券*10,1,10016,,5,2013/12/18,0:00:00,2013/12/31,23:59:59,1,4,0,10017,12月幸运券,,,,,,,,,,,,,,
1018,100,luckyticket100.png,幸运券*100,1,10031,,5,2013/12/18,0:00:00,2013/12/31,23:59:59,1,4,0,10017,12月幸运券,,,,,,,,,,,,,,
1019,3000,1jingxilibao777.png,招募卡自选包*10，高级经验书*6，探索卡自选包*15,1,10032,,7,2024/7/30,0:00:00,2024/7/31,23:59:59,1,2,1,,惊喜小礼包,,,,,,,,,1,,,,,
1020,8000,1jingxilibao888.png,招募卡自选包*20，高级经验书*16，探索卡自选包*32，英雄自选碎片宝箱*1,1,10033,,7,2024/7/30,0:00:00,2024/7/31,23:59:59,2,2,1,,惊喜大礼包,,,,,,,,,1,,,,,
1021,16000,1jingxilibao999.png,招募卡自选包*40，高级经验书*36，探索卡自选包*72，英雄自选碎片宝箱*4,1,10034,,7,2024/7/30,0:00:00,2024/7/31,23:59:59,3,2,1,,惊喜超级礼包,,,,,,,,,1,,,,,
1022,500,National10.png,坦克研究宝箱*10,1,10022,,8,2020/10/4,0:00:00,2020/10/8,23:59:59,1,3,1,,国庆七天乐,,,,,,,,,,,,,,
1023,800,National11.png,探索卡自选*20，改造晶石*4,1,10023,,8,2020/10/5,0:00:00,2020/10/8,23:59:59,2,3,1,,国庆七天乐,,,,,,,,,,,,,,
1024,2800,National12.png,招募卡自选*10，参谋配件改造器*6,1,10024,,8,2020/10/6,0:00:00,2020/10/8,23:59:59,3,3,1,,国庆七天乐,,,,,,,,,,,,,,
1025,4200,National13.png,加强型书籍核心自选*6,1,10025,,8,2020/10/7,0:00:00,2020/10/8,23:59:59,4,3,1,,国庆七天乐,,,,,,,,,,,,,,
1027,888,gaojiyuanxiao.png,高级战友包,1,10056,,9,2014/4/23,0:00:00,2014/4/25,23:59:59,2,4,,,好战友，好朋友,,,,,,,,,,,,,,
1028,2888,haohuayuanxiao.png,豪华战友包,1,10057,,9,2014/4/23,0:00:00,2014/4/25,23:59:59,3,4,,,好战友，好朋友,,,,,,,,,,,,,,
1029,300,zailinegiftweb.png,在线礼包,1,14051,,13,2024/7/26,0:00:00,2024/7/27,23:59:59,,2,1,,在线拿好礼,1,,,,,,,,1,,,,,
1030,790,2laboratory790.png,探索卡自选包*40，[送]战略自选宝箱*20,1,14052,,14,2024/7/28,0:00:00,2024/7/29,23:59:59,,2,1,,实验室的馈赠,1,,1500,,,,,,1,,,,,
1031,1800,2laboratory1800.png,探索卡自选包*90，[送]战略自选宝箱*30,1,14053,,14,2024/7/28,0:00:00,2024/7/29,23:59:59,,2,1,,实验室的馈赠,1,,3500,,,,,,1,,,,,
1032,3500,2laboratory3500.png,探索卡自选包*180，[送]战略自选宝箱*80,1,14054,,14,2024/7/28,0:00:00,2024/7/29,23:59:59,,2,1,,实验室的馈赠,1,,7000,,,,,,1,,,,,
1033,500,guozhandali.png,国战恢复卡*1,1,10058,,15,2024/7/15,0:00:00,2024/7/17,23:59:59,,2,1,,国战大礼,,,,,,,,,1,,,,,
1034,10,bigcredits.png,勋章*10,1,14055,,16,2014/6/18,0:00:00,2014/6/30,23:59:59,,4,,30043,每日首充,,,10,,13,,,,,,,,,
1035,5000,goal.png,冠军竞猜,1,-1,,17,2014/6/27,0:00:00,2014/6/28,23:59:59,1,3,1,,冠军竞猜,,,5000,,,,,,,,,,,
1036,100,bigcredits.png,限时配件大赠送,1,14056,,18,2024/7/17,0:00:00,2024/7/17,23:59:59,,4,,,限时配件大赠送,,,100,,,,,,1,,,,,
1037,20000,goal.png,冠军竞猜,1,-1,,17,2014/6/27,0:00:00,2014/6/28,23:59:59,2,3,1,,冠军竞猜,,,20000,,,,,,,,,,,
1038,40000,goal.png,冠军竞猜,1,-1,,17,2014/6/27,0:00:00,2014/6/28,23:59:59,3,3,1,,冠军竞猜,,,40000,,,,,,,,,,,
1039,200,level10.png,10~15等级豪礼,1,14057,,19,2024/4/1,0:00:00,2024/4/3,23:59:59,,2,1,,等级豪礼,,,1000,,,10,15,,1,,,,,
1040,1000,moongold.png,超值月卡,1,-1,10201,20,,,,,,3,1,15239,超值月卡,,,1000,,,,,,3,,,,,
1041,500,level.png,10~20等级豪礼,1,14059,,19,2014/10/6,0:00:00,2014/10/8,23:59:59,,2,1,,等级豪礼,,,2000,,,10,20,,,,,,,
1042,1200,level15.png,15~25等级豪礼,1,14060,,19,2024/4/6,0:00:00,2024/4/8,23:59:59,,2,1,,等级豪礼,,,3000,,,15,25,,1,,,,,
1043,2000,level30.png,20~30等级豪礼,1,14061,,19,2024/4/11,0:00:00,2024/4/13,23:59:59,,2,1,,等级豪礼,,,6000,,,20,30,,1,,,,,
1044,3000,level50.png,30~50等级豪礼,1,14062,,19,2024/4/16,0:00:00,2024/4/18,23:59:59,,2,1,,等级豪礼,,,6000,,,30,50,,1,,,,,
1045,100,kaipingsummer.png,暑期金券礼包,1,10063,,21,2014/7/1,0:00:00,2016/7/1,23:59:59,,3,1,,暑期金券礼包,,,,,,,,,,,,,,
1046,1000,shiyijuhui1.png,实验室探索卡*10，战略宝箱*10，高级招募卡*2,1,10064,,22,2016/4/30,0:00:00,2016/5/1,23:59:59,,2,1,,十一钜惠,,,1600,,,,,,,,,,,
1047,3000,shiyijuhui2.png,实验室探索卡*20，战略宝箱*30，高级招募卡*6,1,10065,,22,2016/4/30,0:00:00,2016/5/1,23:59:59,,2,1,,十一钜惠,,,4400,,,,,,,,,,,
1048,5000,shiyijuhui3.png,实验室探索卡*20，战略宝箱*100，高级招募卡*10,1,10066,,22,2016/4/30,0:00:00,2016/5/1,23:59:59,,2,1,,十一钜惠,,,7000,,,,,,,,,,,
1049,14000,shiyijuhui4.png,实验室探索卡*40，战略宝箱*100，高级招募卡*40,1,10067,,22,2016/4/30,0:00:00,2016/5/1,23:59:59,,2,1,,十一钜惠,,,13000,,,,,,,,,,,
1050,1000,shuangyixiaxia1.png,100点军魂卡*2，战略宝箱*10，高级招募卡*2,1,10068,,23,2022/3/13,0:00:00,2022/3/14,23:59:59,,2,1,,爽一下,,,1600,,,,,,,,,,,
1051,3000,shuangyixiaxia2.png,100点军魂卡*4，战略宝箱*40，高级招募卡*6,1,10069,,23,2022/3/13,0:00:00,2022/3/14,23:59:59,,2,1,,爽一下,,,4400,,,,,,,,,,,
1052,5000,shuangyixiaxia3.png,100点军魂卡*4，战略宝箱*100，高级招募卡*10,1,10070,,23,2022/3/13,0:00:00,2022/3/14,23:59:59,,2,1,,爽一下,,,7000,,,,,,,,,,,
1053,14000,shuangyixiaxia14000.png,100点军魂卡*9，战略宝箱*100，高级招募卡*40,1,10071,,23,2022/3/13,0:00:00,2022/3/14,23:59:59,,2,1,,爽一下,,,13000,,,,,,,,,,,
1054,0,yiduomeiguihua.png,打开后可以获得1张实验室探索卡,1,14063,,24,2016/2/14,0:00:00,2016/2/14,23:59:59,,2,1,,1朵玫瑰花,,,,,,,,5,,,,,,
1055,488,99duomeiguihua.png,打开后可以获得15张实验室探索卡,1,14064,,24,2016/2/14,0:00:00,2016/2/14,23:59:59,,2,150,,99朵玫瑰,,,,,,,,20,,,,,,
1056,999,999duomeiguihua.png,打开后可以获得30张实验室探索卡,1,14065,,24,2016/2/14,0:00:00,2016/2/14,23:59:59,,2,50,,999朵玫瑰,,,,,,,,10,,,,,,
1057,5000,zhongqiuyuebing.png,打开后可获得高级招募卡*6，豪饮券*6，神将碎片宝箱*1,1,14066,,25,2014/9/7,0:00:00,2014/9/8,23:59:59,,2,2,,中秋享钜惠,,,,,,,,,,,,,,
1058,1500,vipmooncard1.png,VIP超值月卡,1,-1,10202,26,,,,,,3,1,14263,VIP超值月卡,,,1500,,,,,,3,,,,,
1060,60,shuqijuhui2s3.png,租赁8级配件24小时,1,14068,,27,2014/12/29,0:00:00,2014/12/31,23:59:59,,2,1,,限时武器商,,,60,,,,,2,,,,,,
1061,160,shuqijuhui2s4.png,租赁8级配件72小时,1,14069,,27,2014/12/29,0:00:00,2014/12/31,23:59:59,,2,1,,限时武器商,,,160,,,,,2,,,,,,
1062,360,yiduomeiguihua.png,租赁8级配件168小时,1,14070,,27,2014/12/29,0:00:00,2014/12/31,23:59:59,,2,1,,限时武器商,,,360,,,,,2,,,,,,
1063,80,99duomeiguihua.png,租赁9级配件24小时,1,14071,,27,2014/12/29,0:00:00,2014/12/31,23:59:59,,2,1,,限时武器商,,,80,,,,,2,,,,,,
1064,200,999duomeiguihua.png,租赁9级配件72小时,1,14072,,27,2014/12/29,0:00:00,2014/12/31,23:59:59,,2,1,,限时武器商,,,200,,,,,2,,,,,,
1065,480,zhongqiuyuebing.png,租赁9级配件168小时,1,14073,,27,2014/12/29,0:00:00,2014/12/31,23:59:59,,2,1,,限时武器商,,,480,,,,,2,,,,,,
1066,100,guozhazhadan.png,燃烧弹,1,14074,,28,2014/12/29,0:00:00,2014/12/31,23:59:59,,2,1,,国战神秘武器,,,100,,,,,,,,,,,
1067,1000,bigcredits.png,勋章*1000,1,14075,,29,2015/12/26,0:00:00,2015/12/28,23:59:59,,2,999,,探索武器库,,,1000,,,,,,,,,,,
1068,100,bigcredits.png,勋章*100,1,14075,,32,2024/7/20,0:00:00,2024/7/21,23:59:59,,2,999,,充值拿好礼,,,100,,,,,,1,,,,,
1069,1250,huanlego5.png,坦克研究宝箱*5，战略自选宝箱*25,1,14076,,33,2022/11/16,0:00:00,2022/11/17,23:59:59,,2,1,,超值欢乐购,,,1750,,,,,,,,,,,
1070,2300,huanlego6.png,坦克研究宝箱*10，战略自选宝箱*50,1,14077,,33,2022/11/16,0:00:00,2022/11/17,23:59:59,,2,1,,超值欢乐购,,,3500,,,,,,,,,,,
1071,3000,huanlego7.png,探索卡自选包*25，招募卡自选包*6,1,14078,,33,2022/11/16,0:00:00,2022/11/17,23:59:59,,2,1,,超值欢乐购,,,4250,,,,,,,,,,,
1072,5500,huanlego8.png,探索卡自选包*50，招募卡自选包*12,1,14079,,33,2022/11/16,0:00:00,2022/11/17,23:59:59,,2,1,,超值欢乐购,,,8500,,,,,,,,,,,
1073,1000,putongjunxuguan1.png,空降军需官第一档,1,-1,10203,34,2024/7/31,0:00:00,2024/8/1,23:59:59,,3,1,,普通军需官,,,,,,,,,2,1940,",110015,10",,,
1074,20000,gaojijunxuguan1.png,空降军需官第三档,1,-1,10203,34,2024/7/31,0:00:00,2024/8/1,23:59:59,,3,1,,高级军需官,,,,,,,,,2,27888,",110015,75,110011,25,90018,8",,,
1075,5000,zhongjijunxuguan1.png,空降军需官第二档,1,-1,10203,34,2024/7/31,0:00:00,2024/8/1,23:59:59,,3,1,,中级军需官,,,,,,,,,2,7880,",110015,40,110011,5,10095,5",,,
1076,100,yasuiqian.png,压岁钱*100,1,-1,,35,2016/2/7,0:00:00,2016/2/8,23:59:59,,4,,,抢红包,,,100,,,,,,,,,,,
1077,10,creditsoneyuanbuy10000web.png,勋章1元购10000勋章档,1,1,,39,,,,,,4,,,勋章1元购,,,,,,,,,,,,,,
1078,10,creditsoneyuanbuy50000web.png,勋章1元购50000勋章档,1,2,,39,,,,,,4,,,勋章1元购,,,,,,,,,,,,,,
1079,10,creditsoneyuanbuy100000web.png,勋章1元购100000勋章档,1,3,,39,,,,,,4,,,勋章1元购,,,,,,,,,,,,,,
1080,10,creditsoneyuanbuy11000web.png,勋章1元购11000勋章档,1,4,,39,,,,,,4,,,勋章1元购,,,,,,,,,,,,,,
1081,10,creditsoneyuanbuy50000web.png,勋章1元购50000勋章档,1,5,,39,,,,,,4,,,勋章1元购,,,,,,,,,,,,,,
1082,10,creditsoneyuanbuy95000web.png,勋章1元购95000勋章档,1,6,,39,,,,,,4,,,勋章1元购,,,,,,,,,,,,,,
1101,88,levelup.png,7级升级礼包,1,13001,,6,,,,,,5,1,,升级限购礼包,7,10001#勋章#100&10005#使用后获得一辆黄金灰熊#1&10002#金属和石油#50W,200,,,,,,1,,,,,
1102,88,levelup.png,8级升级礼包,1,13002,,6,,,,,,5,1,,升级限购礼包,8,10001#勋章#100&10004#可在配件中心内探索【实验室】场景1次#5&10002#金属和石油#50W,200,,,,,,1,,,,,
1103,188,levelup.png,9级升级礼包,1,13003,,6,,,,,,5,1,,升级限购礼包,9,10001#勋章#200&10004#可在配件中心内探索【实验室】场景1次#5&10002#金属和石油#50W,400,,,,,,1,,,,,
1104,188,levelup.png,10级升级礼包,1,13004,,6,,,,,,5,1,,升级限购礼包,10,10001#勋章#200&10004#可在配件中心内探索【实验室】场景1次#5&10002#金属和石油#50W,400,,,,,,1,,,,,
1105,288,levelup.png,11级升级礼包,1,13005,,6,,,,,,5,1,,升级限购礼包,11,10001#勋章#400&10006#使用后获得一辆黄金坦克杀手#1&10002#金属和石油#100W,600,,,,,,1,,,,,
1106,288,levelup.png,12级升级礼包,1,13006,,6,,,,,,5,1,,升级限购礼包,12,10001#勋章#400&10004#可在配件中心内探索【实验室】场景1次#5&10002#金属和石油#100W,600,,,,,,1,,,,,
1107,288,levelup.png,13级升级礼包,1,13007,,6,,,,,,5,1,,升级限购礼包,13,10001#勋章#400&10004#可在配件中心内探索【实验室】场景1次#5&10002#金属和石油#100W,600,,,,,,1,,,,,
1108,288,levelup.png,14级升级礼包,1,13008,,6,,,,,,5,1,,升级限购礼包,14,10001#勋章#400&10004#可在配件中心内探索【实验室】场景1次#5&10002#金属和石油#100W,600,,,,,,1,,,,,
1109,288,levelup.png,15级升级礼包,1,13009,,6,,,,,,5,1,,升级限购礼包,15,10001#勋章#400&10003#用于在【万里挑一】模式中招募将领#1&10002#金属和石油#100W,600,,,,,,1,,,,,
1110,388,levelup.png,16级升级礼包,1,13010,,6,,,,,,5,1,,升级限购礼包,16,10001#勋章#500&10003#用于在【万里挑一】模式中招募将领#1&10002#金属和石油#100W,800,,,,,,1,,,,,
1111,388,levelup.png,17级升级礼包,1,13011,,6,,,,,,5,1,,升级限购礼包,17,10001#勋章#500&10003#用于在【万里挑一】模式中招募将领#1&10002#金属和石油#100W,800,,,,,,1,,,,,
1112,388,levelup.png,18级升级礼包,1,13012,,6,,,,,,5,1,,升级限购礼包,18,10001#勋章#500&10003#用于在【万里挑一】模式中招募将领#1&10002#金属和石油#100W,800,,,,,,1,,,,,
1113,388,levelup.png,19级升级礼包,1,13013,,6,,,,,,5,1,,升级限购礼包,19,10001#勋章#500&10003#用于在【万里挑一】模式中招募将领#1&10002#金属和石油#100W,800,,,,,,1,,,,,
1114,388,levelup.png,20级升级礼包,1,13014,,6,,,,,,5,1,,升级限购礼包,20,10001#勋章#500&10003#用于在【万里挑一】模式中招募将领#1&10002#金属和石油#100W,800,,,,,,1,,,,,
1115,488,levelup.png,21级升级礼包,1,13015,,6,,,,,,5,1,,升级限购礼包,21,10001#勋章#600&10007#使用后获得一辆黄金天启#1&10002#金属和石油#200W,1000,,,,,,1,,,,,
1116,488,levelup.png,22级升级礼包,1,13016,,6,,,,,,5,1,,升级限购礼包,22,10001#勋章#600&10003#用于在【万里挑一】模式中招募将领#1&10002#金属和石油#200W,1000,,,,,,1,,,,,
1117,488,levelup.png,23级升级礼包,1,13017,,6,,,,,,5,1,,升级限购礼包,23,10001#勋章#600&10003#用于在【万里挑一】模式中招募将领#1&10002#金属和石油#200W,1000,,,,,,1,,,,,
1118,488,levelup.png,24级升级礼包,1,13018,,6,,,,,,5,1,,升级限购礼包,24,10001#勋章#600&10003#用于在【万里挑一】模式中招募将领#1&10002#金属和石油#200W,1000,,,,,,1,,,,,
1119,488,levelup.png,25级升级礼包,1,13019,,6,,,,,,5,1,,升级限购礼包,25,10001#勋章#600&10003#用于在【万里挑一】模式中招募将领#1&10002#金属和石油#200W,1000,,,,,,1,,,,,
1120,688,levelup.png,26级升级礼包,1,13020,,6,,,,,,5,1,,升级限购礼包,26,10001#勋章#800&10003#用于在【万里挑一】模式中招募将领#1&10002#金属和石油#200W,1400,,,,,,1,,,,,
1121,688,levelup.png,27级升级礼包,1,13021,,6,,,,,,5,1,,升级限购礼包,27,10001#勋章#800&10003#用于在【万里挑一】模式中招募将领#1&10002#金属和石油#200W,1400,,,,,,1,,,,,
1122,688,levelup.png,28级升级礼包,1,13022,,6,,,,,,5,1,,升级限购礼包,28,10001#勋章#800&10003#用于在【万里挑一】模式中招募将领#1&10002#金属和石油#200W,1400,,,,,,1,,,,,
1123,688,levelup.png,29级升级礼包,1,13023,,6,,,,,,5,1,,升级限购礼包,29,10001#勋章#800&10003#用于在【万里挑一】模式中招募将领#1&10002#金属和石油#200W,1400,,,,,,1,,,,,
1124,688,levelup.png,30级升级礼包,1,13024,,6,,,,,,5,1,,升级限购礼包,30,10001#勋章#800&10003#用于在【万里挑一】模式中招募将领#1&10002#金属和石油#200W,1400,,,,,,1,,,,,
1125,888,levelup.png,31级升级礼包,1,13025,,6,,,,,,5,1,,升级限购礼包,31,10001#勋章#1000&10008#使用后获得一辆末日天启#1&10002#金属和石油#500W,1800,,,,,,1,,,,,
1126,888,levelup.png,32级升级礼包,1,13026,,6,,,,,,5,1,,升级限购礼包,32,10001#勋章#1000&10003#用于在【万里挑一】模式中招募将领#1&10002#金属和石油#500W,1800,,,,,,1,,,,,
1127,888,levelup.png,33级升级礼包,1,13027,,6,,,,,,5,1,,升级限购礼包,33,10001#勋章#1000&10003#用于在【万里挑一】模式中招募将领#1&10002#金属和石油#500W,1800,,,,,,1,,,,,
1128,888,levelup.png,34级升级礼包,1,13028,,6,,,,,,5,1,,升级限购礼包,34,10001#勋章#1000&10003#用于在【万里挑一】模式中招募将领#1&10002#金属和石油#500W,1800,,,,,,1,,,,,
1129,888,levelup.png,35级升级礼包,1,13029,,6,,,,,,5,1,,升级限购礼包,35,10001#勋章#1000&10003#用于在【万里挑一】模式中招募将领#1&10002#金属和石油#500W,1800,,,,,,1,,,,,
1130,888,levelup.png,36级升级礼包,1,13030,,6,,,,,,5,1,,升级限购礼包,36,10001#勋章#1000&10003#用于在【万里挑一】模式中招募将领#1&10002#金属和石油#500W,1800,,,,,,1,,,,,
1131,888,levelup.png,37级升级礼包,1,13031,,6,,,,,,5,1,,升级限购礼包,37,10001#勋章#1000&10003#用于在【万里挑一】模式中招募将领#1&10002#金属和石油#500W,1800,,,,,,1,,,,,
1132,888,levelup.png,38级升级礼包,1,13032,,6,,,,,,5,1,,升级限购礼包,38,10001#勋章#1000&10003#用于在【万里挑一】模式中招募将领#1&10002#金属和石油#500W,1800,,,,,,1,,,,,
1133,888,levelup.png,39级升级礼包,1,13033,,6,,,,,,5,1,,升级限购礼包,39,10001#勋章#1000&10003#用于在【万里挑一】模式中招募将领#1&10002#金属和石油#500W,1800,,,,,,1,,,,,
1134,888,levelup.png,40级升级礼包,1,13034,,6,,,,,,5,1,,升级限购礼包,40,10001#勋章#1000&10003#用于在【万里挑一】模式中招募将领#1&10002#金属和石油#500W,1800,,,,,,1,,,,,
1135,300,zhuzhanlibao300100.png,助战礼包,1,14147,,36,2024/7/27,0:00:00,2024/7/28,23:59:59,,3,1,,助战礼包,,,,,,,,,1,,,,,
1136,100,luxurybackpackweb.png,豪华回归宝箱,1,14168,,38,,,,,,3,1,,豪华回归宝箱,,,,,,,,,1,,,,,
1137,100,chaojizhaomulibao1.png,超级招募卡*1,1,14210,,40,2024/7/28,0:00:00,2024/7/28,23:59:59,,3,1,,超级招募,1,,1000,,,,,,1,,,,,
1138,9000,chaojizhaomulibaoB.png,超级招募卡*20，送6级学习书*1,1,14211,,40,2024/7/28,0:00:00,2024/7/28,23:59:59,,3,1,,超级招募,1,,10000,,,,,,1,,,,,
1139,30000,chaojizhaomulibaoC.png,超级招募卡*50，送6级学习书*3,1,14212,,40,2024/7/28,0:00:00,2024/7/28,23:59:59,,3,1,,超级招募,1,,50000,,,,,,1,,,,,
1140,680,bingtianxuedi.png,冰天雪地皮肤*1,1,14213,,41,2020/12/23,0:00:00,2020/12/25,23:59:59,,3,1,14461,全新改版圣诞皮肤,1,,1980,,,,,,,,,,,
1141,2590,chunjiepifu3.png,兔年限定新年皮肤*1、钱兔似锦坦克礼包*1,1,14214,,42,2023/1/21,0:00:00,2023/1/26,23:59:59,,3,1,,春节红包大派送,1,,6435,,,,,,,,,,,
1142,200,yanjiulibao1.png,坦克研究宝箱*5 坦克研究6小时加速卡*2,1,14299,,43,2024/3/13,0:00:00,2024/3/14,23:59:59,,2,1,,坦克研究礼包,1,,500,,,,,,1,,,,,
1143,700,yanjiulibao1.png,坦克研究宝箱*15 坦克研究6小时加速卡*3,1,14300,,43,2024/3/13,0:00:00,2024/3/14,23:59:59,,2,1,,坦克研究礼包,1,,1500,,,,,,1,,,,,
1144,1600,yanjiulibao1.png,坦克研究宝箱*40 坦克研究6小时加速卡*4,1,14301,,43,2024/3/13,0:00:00,2024/3/14,23:59:59,,2,1,,坦克研究礼包,1,,4000,,,,,,1,,,,,
1145,520,zhanluebao.png,初级宝箱,1,14308,,44,2020/11/3,0:00:00,2020/11/4,23:59:59,,2,1,14302,初级宝箱,1,,600,,,,,,,,,,,
1146,1400,zhanluebao.png,中级宝箱,1,14309,,44,2020/11/3,0:00:00,2020/11/4,23:59:59,,2,1,14303,中级宝箱,1,,2000,,,,,,,,,,,
1147,3188,zhanluebao.png,高级宝箱,1,14310,,44,2020/11/3,0:00:00,2020/11/4,23:59:59,,2,1,14304,高级宝箱,1,,4500,,,,,,,,,,,
1148,4488,zhanluebao.png,豪华宝箱,1,14311,,44,2020/11/3,0:00:00,2020/11/4,23:59:59,,2,1,14305,豪华宝箱,1,,6400,,,,,,,,,,,
1149,6688,zhanluebao.png,白金宝箱,1,14312,,44,2020/11/3,0:00:00,2020/11/4,23:59:59,,2,1,14306,白金宝箱,1,,9800,,,,,,,,,,,
1150,13288,zhanluebao.png,钻石宝箱,1,14313,,44,2020/11/3,0:00:00,2020/11/4,23:59:59,,2,1,14307,钻石宝箱,1,,20700,,,,,,,,,,,
1151,128,xsqgQ11.png,288勋章，探索卡自选包*5 送 公会科技研究点*20、公会高级科技研究点*5,1,14316,,45,2024/7/22,0:00:00,2024/7/23,23:59:59,,2,1,,限时抢购礼包,1,,538,,,,,,1,,,,,
1152,888,xsqgQ31.png,888勋章、超级能量石*5、豪饮券*2 送 公会科技研究点*150、公会高级科技研究点*40,1,14317,,45,2024/7/22,0:00:00,2024/7/23,23:59:59,,2,1,,限时抢购礼包,1,,2500,,,,,,1,,,,,
1153,3988,xsqgQ41.png,紫色参谋随机卡*1、招募卡自选包*16 送 公会科技研究点*600、公会高级科技研究点*200,1,14318,,45,2024/7/22,0:00:00,2024/7/23,23:59:59,,2,1,,限时抢购礼包,1,,12000,,,,,,1,,,,,
1154,45,xie7.png,“携”字帖,1,14377,,46,2019/5/6,0:00:00,2019/5/15,23:59:59,,2,500,,七周年欢乐同庆会,1,,50,,,,,,,,,,,
1155,20,goal.png,世界杯竞猜,1,-1,,17,2018/6/13,0:00:00,2018/7/15,23:59:59,3,3,99999,,世界杯竞猜,1,,20,,,,,,,,,,,
1156,4900,gjcanmoubao1.png,高级参谋包,1,14458,,47,2024/6/24,0:00:00,2024/6/25,23:59:59,,3,1,,参谋招募,27,,10800,,,,,,1,,,,,
1157,12900,cjcanmoubao1.png,超级参谋包,1,14459,,47,2024/6/24,0:00:00,2024/6/25,23:59:59,,3,1,,参谋招募,27,,33800,,,,,,1,,,,,
1158,88,qtoushiyan.png,透视眼,1,14484,,48,2023/10/19,0:00:00,2023/10/20,23:59:59,,3,99,,对对碰,1,,88,,,,,,,,,,,
1159,888,jinggonglibao.png,初级精工礼包,1,14561,,49,2020/1/15,0:00:00,2020/1/16,23:59:59,,3,1,,初级精工礼包,1,,,,,,,,,,,,,
1160,1999,jinggonglibao.png,中级精工礼包,1,14562,,49,2020/1/15,0:00:00,2020/1/16,23:59:59,,3,1,,中级精工礼包,1,,,,,,,,,,,,,
1161,4999,jinggonglibao.png,高级精工礼包,1,14563,,49,2020/1/15,0:00:00,2020/1/16,23:59:59,,3,1,,高级精工礼包,1,,,,,,,,,,,,,
1162,8999,jinggonglibao.png,超级精工礼包,1,14564,,49,2020/1/15,0:00:00,2020/1/16,23:59:59,,3,1,,超级精工礼包,1,,,,,,,,,,,,,
1163,14999,jinggonglibao.png,豪华精工礼包,1,14565,,49,2020/1/15,0:00:00,2020/1/16,23:59:59,,3,1,,豪华精工礼包,1,,,,,,,,,,,,,
1164,600,shiyanshilibao.png,实验室礼包,1,14566,10202,50,,,,,,6,1,,实验室礼包,1,,,,,,,,1,,,,,
1165,1680,jianglinglibao.png,将领礼包,1,14567,10202,50,,,,,,6,1,,将领礼包,1,,,,,,,,1,,,,,
1166,1180,Zyingxionglibao.png,英雄周礼包,1,14568,10202,50,,,,,,6,1,,英雄礼包,1,,,,,,,,1,,,,,
1167,1680,canmlibao.png,参谋礼包,1,14569,10202,50,,,,,,6,1,,参谋礼包,1,,,,,,,,1,,,,,
1168,400,guozhanlibao.png,国战礼包,1,14570,10202,50,,,,,,6,1,,国战礼包,1,,,,,,,,1,,,,,
1169,5000,shenjiang4.png,神将达人,1,,,51,2020/8/1,0:00:00,2020/8/3,23:59:59,,3,1,,神将达人,1,,,,,,,,,,,,,
1170,10000,shenjiang5.png,神将达人,1,,,51,2020/8/1,0:00:00,2020/8/3,23:59:59,,3,1,,神将达人,1,,,,,,,,,,,,,
1171,15000,shenjiang6.png,神将达人,1,,,51,2020/8/1,0:00:00,2020/8/3,23:59:59,,3,1,,神将达人,1,,,,,,,,,,,,,
1172,680,battlepass1.png,战争令牌,1,,,52,2024/7/7,0:00:00,2024/8/5,23:59:59,,3,1,,战争令牌,1,,,,,,,,3,,,,,
1173,1680,battlepass2.png,战争令牌,1,15410,,53,2024/7/7,0:00:00,2024/8/5,23:59:59,,3,1,,战争令牌,1,,,,,,,,1,,,,,
1174,100,bigcredits.png,勋章*100,1,14632,,54,2023/4/11,0:00:00,2023/4/30,23:59:59,,4,,,兄弟重聚,,,100,,,,,,,,,,,
1175,45,en9.png,“行”字礼包,1,14655,,55,2021/5/10,0:00:00,2021/5/19,23:59:59,,4,,,九周年感恩有你,1,,50,,,,,,,,,,,
1176,90,en9t.png,自选字帖卡*1,1,14656,,55,2021/5/10,0:00:00,2021/5/19,23:59:59,,4,,,九周年感恩有你,1,,100,,,,,,,,,,,
1177,380,en9s.png,豪华“行”字礼包,1,14657,,55,2021/5/10,0:00:00,2021/5/19,23:59:59,,4,,,九周年感恩有你,1,,460,,,,,,,,,,,
1178,1500,buqian.png,共庆8周年补签,1,,,56,2020/5/9,0:00:00,2020/5/20,23:59:59,,3,36,,共庆8周年补签,,,150,,,,,,,,,,,
1179,1280,Yshiyanshilibao.png,实验室月礼包,1,14697,10202,56,,,,,,4,,,实验室月礼包,1,,2500,,,,,,1,,,,,
1180,3680,Yjianglinglibao.png,将领月礼包,1,14698,10202,56,,,,,,4,,,将领月礼包,1,,7000,,,,,,1,,,,,
1181,3380,Yyingxionglibao.png,英雄月礼包,1,14699,10202,56,,,,,,4,,,英雄月礼包,1,,7260,,,,,,1,,,,,
1182,3880,Ycanmlibao.png,参谋月礼包,1,14700,10202,56,,,,,,4,,,参谋月礼包,1,,8500,,,,,,1,,,,,
1183,2380,Yjunbeilibao.png,军备月礼包,1,14701,10202,56,,,,,,4,,,军备月礼包,1,,4300,,,,,,1,,,,,
1184,650,junbeilibao.png,军备周礼包,1,14702,10202,50,,,,,,6,1,,军备周礼包,1,,1000,,,,,,1,,,,,
1185,10,fumanlababaoming.png,大胃王报名,1,14852,,57,2023/6/22,0:00:00,2023/6/24,23:59:59,,3,1,,大胃王报名,,,500,,,,,,,,,,,
1186,10,jiaoshijieth1.png,探索卡自选包*10,1,14900,,58,2024/6/8,0:00:00,2024/6/10,23:59:59,,3,5,,特惠礼包,1,,500,,,,,,1,,,,,
1187,98,labaQ2.png,加强型授勋令*1,1,14901,,58,2024/6/8,0:00:00,2024/6/10,23:59:59,,3,5,,特惠礼包,1,,500,,,,,,1,,,,,
1188,298,jiaoshijieth3.png,补给箱自选包*30,1,14902,,58,2024/6/8,0:00:00,2024/6/10,23:59:59,,3,5,,特惠礼包,1,,1500,,,,,,1,,,,,
1189,688,labaQ4.png,4级将领学习书*3,1,14903,,58,2024/6/8,0:00:00,2024/6/10,23:59:59,,3,5,,特惠礼包,1,,1920,,,,,,1,,,,,
1190,888,dwwthlb4.png,紫色特工令*10,1,14904,,58,2024/6/8,0:00:00,2024/6/10,23:59:59,,3,5,,特惠礼包,1,,3000,,,,,,1,,,,,
1191,1000,battlepass3.png,战争令牌,1,15410,,59,2024/7/7,0:00:00,2024/8/5,23:59:59,,3,1,,战争令牌,1,,,,,,,,1,,,,,
1192,8980,Yshiyanshilibao.png,实验室月礼包,1,14760,10202,56,,,,,,4,,,实验室月礼包,1,,15000,,,,,,1,,,,,
1193,19800,Yjianglinglibao.png,将领月礼包,1,14761,10202,56,,,,,,4,,,将领月礼包,1,,40000,,,,,,1,,,,,
1194,9980,Yyingxionglibao.png,英雄月礼包,1,14762,10202,56,,,,,,4,,,英雄月礼包,1,,17000,,,,,,1,,,,,
1195,11980,Ycanmlibao.png,参谋月礼包,1,14763,10202,56,,,,,,4,,,参谋月礼包,1,,20000,,,,,,1,,,,,
1196,9980,Yjunbeilibao.png,军备月礼包,1,14764,10202,56,,,,,,4,,,军备月礼包,1,,17000,,,,,,1,,,,,
1197,10,jiaoshijieth1.png,探索卡自选包*10,1,14710,,60,2023/9/9,0:00:00,2023/9/11,23:59:59,,3,5,,教师节特惠礼包,1,,500,,,,,,,,,,,
1198,98,dwwthlb2.png,参谋配件改造器*5,1,14711,,60,2023/9/9,0:00:00,2023/9/11,23:59:59,,3,5,,教师节特惠礼包,1,,1000,,,,,,,,,,,
1199,298,jiaoshijieth3.png,补给箱自选包*30,1,14712,,60,2023/9/9,0:00:00,2023/9/11,23:59:59,,3,5,,教师节特惠礼包,1,,1500,,,,,,,,,,,
1200,888,dwwthlb4.png,紫色特工令*10,1,14713,,60,2023/9/9,0:00:00,2023/9/11,23:59:59,,3,5,,教师节特惠礼包,1,,3000,,,,,,,,,,,
1201,1988,dwwthlb5.png,高级招募自选卡*10,1,14714,,60,2023/9/9,0:00:00,2023/9/11,23:59:59,,3,5,,教师节特惠礼包,1,,5000,,,,,,,,,,,
1202,18880,National14.png,天启紫将卡*1，黄金T99卡*1,1,14770,,8,2020/10/1,0:00:00,2020/10/8,23:59:59,5,3,1,,国庆七天乐,,,,,,,,,,,,,,
1203,15000,National15.png,天启紫将卡*1，末日T99卡*1,1,14771,,8,2020/10/1,0:00:00,2020/10/8,23:59:59,6,3,1,,国庆七天乐,,,,,,,,,,,,,,
1204,680,battlepass1.png,战争令牌,1,,,52,2024/6/7,0:00:00,2024/7/6,23:59:59,,3,1,,战争令牌,1,,,,,,,,3,,,,,
1205,1680,battlepass2.png,战争令牌,1,15464,,53,2024/6/7,0:00:00,2024/7/6,23:59:59,,3,1,,战争令牌,1,,,,,,,,1,,,,,
1206,1000,battlepass3.png,战争令牌,1,15464,,59,2024/6/7,0:00:00,2024/7/6,23:59:59,,3,1,,战争令牌,1,,,,,,,,1,,,,,
1207,9800,change30027.png,全民抽奖换购天启紫将卡*1,1,14778,,61,2024/1/25,0:00:00,2024/1/26,23:59:59,,3,1,,全民抽奖换购,,,,,,,,,1,,,,,
1208,100,bigcredits.png,加强书籍限时送,1,14056,,18,2024/7/18,0:00:00,2024/7/19,23:59:59,,4,,,加强书籍限时送,,,100,,,,,,1,,,,,
1209,8980,Yshiyanshilibao.png,实验室月礼包,1,14779,10202,56,,,,,,4,,,实验室月礼包,1,,18000,,,,,,1,,,,,
1210,10980,Yjianglinglibao.png,将领月礼包,1,14780,10202,56,,,,,,4,,,将领月礼包,1,,21000,,,,,,1,,,,,
1211,9980,Yyingxionglibao.png,英雄月礼包,1,14781,10202,56,,,,,,4,,,英雄月礼包,1,,50200,,,,,,1,,,,,
1212,10980,Ycanmlibao.png,参谋月礼包,1,14782,10202,56,,,,,,4,,,参谋月礼包,1,,21000,,,,,,1,,,,,
1213,9980,Yjunbeilibao.png,军备月礼包,1,14783,10202,56,,,,,,4,,,军备月礼包,1,,17000,,,,,,1,,,,,
1214,1980,supplytansuo.png,指挥官补给站（探索卡）,1,-1,10204,62,2024/7/26,0:00:00,2024/7/27,23:59:59,,3,1,,指挥官补给站（探索卡）,,,,,,,,,2,3680,",110015,36",,,
1215,9980,supplyzhaomuka.png,指挥官补给站（招募卡）,1,-1,10204,62,2024/7/26,0:00:00,2024/7/27,23:59:59,,3,1,,指挥官补给站（招募卡）,,,,,,,,,2,13880,",110011,24",,,
1216,480,wa680.png,圣诞袜*1,1,14461,,41,2020/12/23,0:00:00,2020/12/25,23:59:59,,3,5,,圣诞节圣诞袜,1,,2333,,,,,,,,,,,
1217,100,bigcredits.png,新年祈福·虎力全开,1,14056,,64,2023/1/1,0:00:00,2023/1/7,23:59:59,,4,,,新年祈福·兔飞猛进,,,100,,,,,,,,,,,
1218,10,tqjcqt.png,踏青季吃青团,1,14899,,63,2023/4/3,0:00:00,2023/4/5,23:59:59,,3,1,,踏青季吃青团活动报名,,,500,,,,,,,,,,,
1219,150,meirihuiguili.png,每日回归礼包,1,14920,,66,2023/4/11,0:00:00,2023/4/30,23:59:59,,2,1,,兄弟集结令,1,,2058,,,,,,,,,,,
1220,280,jbbjb1.png,军备研究补给包,1,14924,,67,2024/3/5,0:00:00,2024/3/6,23:59:59,,3,1,14929,军备研究补给包,,,650,,,,,,1,,,,,
1221,830,jbbjb2.png,军备研究补给包,1,14925,,67,2024/3/5,0:00:00,2024/3/6,23:59:59,,3,1,14929,军备研究补给包,,,1800,,,,,,1,,,,,
1222,1790,jbbjb3.png,军备研究补给包,1,14926,,67,2024/3/5,0:00:00,2024/3/6,23:59:59,,3,1,14929,军备研究补给包,,,3300,,,,,,1,,,,,
1223,4290,jbbjb4.png,军备研究补给包,1,14927,,67,2024/3/5,0:00:00,2024/3/6,23:59:59,,3,1,14929,军备研究补给包,,,7500,,,,,,1,,,,,
1224,9980,jbbjb5.png,军备研究补给包,1,14928,,67,2024/3/5,0:00:00,2024/3/6,23:59:59,,3,1,14929,军备研究补给包,,,21000,,,,,,1,,,,,
1225,520,shiyanshilibao.png,实验室周礼包,1,14987,10202,50,,,,,,6,1,,实验室周礼包,1,,1000,,,,,,1,,,,,
1226,520,junbeilibao.png,军备周礼包,1,14988,10202,50,,,,,,6,1,,军备周礼包,1,,1000,,,,,,1,,,,,
1227,8400,Yshiyanshilibao.png,实验室月礼包,1,14989,10202,56,,,,,,4,,,实验室月礼包,1,,17500,,,,,,1,,,,,
1228,9980,Yjunbeilibao.png,军备月礼包,1,14990,10202,56,,,,,,4,,,军备月礼包,1,,20000,,,,,,1,,,,,
1229,10,qixithlb7.png,探索卡自选包*10,1,15017,,68,2023/8/18,0:00:00,2023/8/24,23:59:59,,3,5,,七夕鹊桥会,1,,500,,,,,,,,,,,
1230,98,qixithlb10.png,参谋配件改造器*5,1,15018,,68,2023/8/18,0:00:00,2023/8/24,23:59:59,,3,5,,七夕鹊桥会,1,,1000,,,,,,,,,,,
1231,298,qixithlb8.png,补给箱自选包*30,1,15019,,68,2023/8/18,0:00:00,2023/8/24,23:59:59,,3,5,,七夕鹊桥会,1,,1500,,,,,,,,,,,
1232,688,qixithlb9.png,4级参谋技能书*4,1,15020,,68,2023/8/18,0:00:00,2023/8/24,23:59:59,,3,5,,七夕鹊桥会,1,,1600,,,,,,,,,,,
1233,888,qixithlb11.png,紫色特工令*10,1,15021,,68,2023/8/18,0:00:00,2023/8/24,23:59:59,,3,5,,七夕鹊桥会,1,,3000,,,,,,,,,,,
1234,1988,qixithlb12.png,招募卡自选包*10,1,15022,,68,2023/8/18,0:00:00,2023/8/24,23:59:59,,3,5,,七夕鹊桥会,1,,5000,,,,,,,,,,,
1235,688,jiaoshijieth4.png,5级参谋技能书*2,1,15023,,60,2023/9/9,0:00:00,2023/9/11,23:59:59,,3,5,,教师节特惠礼包,1,,1600,,,,,,,,,,,
1236,10,jiaoshidww.png,教师节完美成绩单,1,15024,,69,2023/9/9,0:00:00,2023/9/11,23:59:59,,3,1,,教师节报名,,,500,,,,,,,,,,,
1237,480,futuqitian5.png,福兔7天礼包,1,15043,,70,2024/7/10,0:00:00,2024/7/16,23:59:59,,3,1,,七天乐礼包,,,480,,,,,,2,480,",20424,5,110019,2,30216,5,10095,2,110015,20,10244,3,110011,2,",,,
1238,2880,futuqitianle.png,福兔7天礼包,1,15044,,70,2024/7/10,0:00:00,2024/7/16,23:59:59,,3,1,,七天乐礼包,,,3580,,,,,,2,3580,",20838,1,20424,10,110019,5,110035,2,10095,4,110015,40,10244,8,110011,12",,,
1239,266,jinlishangdian1.png,24小时升级加速自选卡*1、送【锦鲤礼盒】*1、公会科技研究点*50,1,15066,,71,2024/7/10,0:00:00,2024/7/12,23:59:59,,3,,,锦鲤限时商店,,,380,,,,,,1,,,,,
1240,190,jinlishangdian1.png,24小时升级加速自选卡*1、送【锦鲤礼盒】*1、公会科技研究点*50,1,15066,,71,2024/7/10,0:00:00,2024/7/12,23:59:59,,3,,,锦鲤限时商店,,,380,,,,,,1,,,,,
1241,2,jinlishangdian1.png,24小时升级加速自选卡*1、送【锦鲤礼盒】*1、公会科技研究点*50,1,15066,,71,2024/7/10,0:00:00,2024/7/12,23:59:59,,3,,,锦鲤限时商店,,,380,,,,,,1,,,,,
1242,350,jinlishangdian2.png,4级参谋技能书*1、送【锦鲤礼盒】*1、公会科技研究点*50,1,15067,,71,2024/7/10,0:00:00,2024/7/12,23:59:59,,3,,,锦鲤限时商店,,,500,,,,,,1,,,,,
1243,250,jinlishangdian2.png,4级参谋技能书*1、送【锦鲤礼盒】*1、公会科技研究点*50,1,15067,,71,2024/7/10,0:00:00,2024/7/12,23:59:59,,3,,,锦鲤限时商店,,,500,,,,,,1,,,,,
1244,2,jinlishangdian2.png,4级参谋技能书*1、送【锦鲤礼盒】*1、公会科技研究点*50,1,15067,,71,2024/7/10,0:00:00,2024/7/12,23:59:59,,3,,,锦鲤限时商店,,,500,,,,,,1,,,,,
1245,350,jinlishangdian3.png,探索卡自选包*10、送 公会科技研究点*50、【锦鲤礼盒】*1,1,15068,,71,2024/7/10,0:00:00,2024/7/12,23:59:59,,3,,,锦鲤限时商店,,,500,,,,,,1,,,,,
1246,250,jinlishangdian3.png,探索卡自选包*10、送 公会科技研究点*50、【锦鲤礼盒】*1,1,15068,,71,2024/7/10,0:00:00,2024/7/12,23:59:59,,3,,,锦鲤限时商店,,,500,,,,,,1,,,,,
1247,2,jinlishangdian3.png,探索卡自选包*10、送 公会科技研究点*50、【锦鲤礼盒】*1,1,15068,,71,2024/7/10,0:00:00,2024/7/12,23:59:59,,3,,,锦鲤限时商店,,,500,,,,,,1,,,,,
1248,1260,jinlishangdian4.png,军备改造晶石*6、送 公会科技研究点*150、【锦鲤礼盒】*1,1,15069,,71,2024/7/10,0:00:00,2024/7/12,23:59:59,,3,,,锦鲤限时商店,,,1800,,,,,,1,,,,,
1249,900,jinlishangdian4.png,军备改造晶石*6、送 公会科技研究点*150、【锦鲤礼盒】*1,1,15069,,71,2024/7/10,0:00:00,2024/7/12,23:59:59,,3,,,锦鲤限时商店,,,1800,,,,,,1,,,,,
1250,2,jinlishangdian4.png,军备改造晶石*6、送 公会科技研究点*150、【锦鲤礼盒】*1,1,15069,,71,2024/7/10,0:00:00,2024/7/12,23:59:59,,3,,,锦鲤限时商店,,,1800,,,,,,1,,,,,
1251,2100,jinlishangdian5.png,紫色特工令*10、送 公会科技研究点*200、高级科技研究点*50、【锦鲤礼盒】*1,1,15070,,71,2024/7/10,0:00:00,2024/7/12,23:59:59,,3,,,锦鲤限时商店,,,3000,,,,,,1,,,,,
1252,1500,jinlishangdian5.png,紫色特工令*10、送 公会科技研究点*200、高级科技研究点*50、【锦鲤礼盒】*1,1,15070,,71,2024/7/10,0:00:00,2024/7/12,23:59:59,,3,,,锦鲤限时商店,,,3000,,,,,,1,,,,,
1253,2,jinlishangdian5.png,紫色特工令*10、送 公会科技研究点*200、高级科技研究点*50、【锦鲤礼盒】*1,1,15070,,71,2024/7/10,0:00:00,2024/7/12,23:59:59,,3,,,锦鲤限时商店,,,3000,,,,,,1,,,,,
1254,3500,jinlishangdian6.png,招募卡自选包*10、送 公会科技研究点*200、高级科技研究点*50、【锦鲤礼盒】*1,1,15071,,71,2024/7/10,0:00:00,2024/7/12,23:59:59,,3,,,锦鲤限时商店,,,5000,,,,,,1,,,,,
1255,2500,jinlishangdian6.png,招募卡自选包*10、送 公会科技研究点*200、高级科技研究点*50、【锦鲤礼盒】*1,1,15071,,71,2024/7/10,0:00:00,2024/7/12,23:59:59,,3,,,锦鲤限时商店,,,5000,,,,,,1,,,,,
1256,2,jinlishangdian6.png,招募卡自选包*10、送 公会科技研究点*200、高级科技研究点*50、【锦鲤礼盒】*1,1,15071,,71,2024/7/10,0:00:00,2024/7/12,23:59:59,,3,,,锦鲤限时商店,,,5000,,,,,,1,,,,,
1257,100,bigcredits.png,勋章*100,1,15078,,72,2021/11/24,0:00:00,2021/12/13,23:59:59,,3,,,夺宝兄弟,,,100,,,,,,,,,,,
1258,1380,shenmipengrendalibao.png,"神秘烹饪大礼包：4级参谋技能书*1，送神秘烹饪包*10,火鸡*10,加速烹饪*20",1,15079,,73,2021/11/30,0:00:00,2021/12/9,23:59:59,,3,99,,火鸡派对,,,1902,,,,,,,,,,,
1259,1980,10Yshengdanxiandingtanke.png,内含1辆10周年圣诞利维坦坦克卡——10周年圣诞利维坦坦克卡，送【圣诞许愿树】活动道具“姜饼人”*40,1,15110,,75,2022/12/19,0:00:00,2022/12/25,23:59:59,,3,100,,圣诞限定礼,,,5000,,,,,,,,,,,
1260,3980,10Yshengdanxiandinglihe.png,内含圣诞基地皮肤（5%攻击加成），装扮皮肤后在【圣诞许愿树】活动中可领取7天圣诞袜（10周年圣诞版）送【圣诞许愿树】活动道具“姜饼人”*100,1,15111,,75,2022/12/19,0:00:00,2022/12/25,23:59:59,,3,1,,圣诞限定礼,,,26000,,,,,,,,,,,
1261,1988,qixithlb12.png,招募卡自选包*10,1,15112,,58,2024/6/8,0:00:00,2024/6/10,23:59:59,,3,5,,特惠礼包,1,,5000,,,,,,1,,,,,
1262,1680,jiesuoshengjijianglitunian.png,解锁升级奖励，支付完成即获得【春福袋】*10,1,15119,,76,2023/1/21,0:00:00,2023/1/30,23:59:59,,3,1,,春福到,,,,,,,,,,,,,,
1263,5590,chunjiepifu4.png,兔年限定新年皮肤*1、钱兔似锦坦克礼包*5、兔年春福袋*80,1,15138,,42,2023/1/21,0:00:00,2023/1/26,23:59:59,,3,1,,春节红包大派送,1,,36411,,,,,,,,,,,
1264,388,xsqgQ21.png,建筑修复卡*15，24小时升级加速自选卡*2，坦克研究6小时加速卡*2 送 公会科技研究点*50、公会高级科技研究点*15,1,15142,,45,2024/7/22,0:00:00,2024/7/23,23:59:59,,2,1,,限时抢购礼包,1,,1165,,,,,,1,,,,,
1265,2880,duobaobaijinka1.png,夺宝白金卡,1,15155,,77,2023/5/1,0:00:00,2023/5/13,23:59:59,,3,1,,夺宝幸运星,,,13290,,,,,,,,,,,
1266,6880,duobaoheijinka1.png,夺宝黑金卡,1,15156,,77,2023/5/1,0:00:00,2023/5/13,23:59:59,,3,1,,夺宝幸运星,,,65814,,,,,,,,,,,
1267,70,xuyuanchichuji1.png,探索卡自选包*2,1,15173,,78,2024/7/2,0:00:00,2024/7/7,23:59:59,,3,1,,许愿池,,,100,,,,,,1,,,,,
1268,420,xuyuanchichuji2.png,24小时升级加速自选卡*2,1,15174,,78,2024/7/2,0:00:00,2024/7/7,23:59:59,,3,1,,许愿池,,,600,,,,,,1,,,,,
1269,420,xuyuanchichuji3.png,2级参谋技能书*6,1,15175,,78,2024/7/2,0:00:00,2024/7/7,23:59:59,,3,1,,许愿池,,,600,,,,,,1,,,,,
1270,350,xuyuanchichuji4.png,坦克研究宝箱*5,1,15176,,78,2024/7/2,0:00:00,2024/7/7,23:59:59,,3,1,,许愿池,,,500,,,,,,1,,,,,
1271,140,xuyuanchichuji5.png,战略自选宝箱*4,1,15177,,78,2024/7/2,0:00:00,2024/7/7,23:59:59,,3,1,,许愿池,,,200,,,,,,1,,,,,
1272,700,xuyuanchichuji6.png,招募卡自选包*2,1,15178,,78,2024/7/2,0:00:00,2024/7/7,23:59:59,,3,1,,许愿池,,,1000,,,,,,1,,,,,
1273,160,xuyuanchizhongji1.png,探索卡自选包*5,1,15179,,78,2024/7/2,0:00:00,2024/7/7,23:59:59,,3,1,,许愿池,,,250,,,,,,1,,,,,
1274,650,xuyuanchizhongji2.png,参谋配件改造器*5,1,15180,,78,2024/7/2,0:00:00,2024/7/7,23:59:59,,3,1,,许愿池,,,1000,,,,,,1,,,,,
1275,780,xuyuanchizhongji3.png,2级参谋技能书*12,1,15181,,78,2024/7/2,0:00:00,2024/7/7,23:59:59,,3,1,,许愿池,,,1200,,,,,,1,,,,,
1276,970,xuyuanchizhongji4.png,战略自选宝箱*30,1,15182,,78,2024/7/2,0:00:00,2024/7/7,23:59:59,,3,1,,许愿池,,,1500,,,,,,1,,,,,
1277,1950,xuyuanchizhongji5.png,紫色特工令*10,1,15183,,78,2024/7/2,0:00:00,2024/7/7,23:59:59,,3,1,,许愿池,,,3000,,,,,,1,,,,,
1278,3250,xuyuanchizhongji6.png,招募卡自选包*10,1,15184,,78,2024/7/2,0:00:00,2024/7/7,23:59:59,,3,1,,许愿池,,,5000,,,,,,1,,,,,
1279,300,xuyuanchigaoji1.png,探索卡自选包*10,1,15185,,78,2024/7/2,0:00:00,2024/7/7,23:59:59,,3,1,,许愿池,,,500,,,,,,1,,,,,
1280,900,xuyuanchigaoji2.png,随机紫色将领印记包*1,1,15186,,78,2024/7/2,0:00:00,2024/7/7,23:59:59,,3,1,,许愿池,,,1500,,,,,,1,,,,,
1281,720,xuyuanchigaoji3.png,2级参谋技能书*12,1,15187,,78,2024/7/2,0:00:00,2024/7/7,23:59:59,,3,1,,许愿池,,,1200,,,,,,1,,,,,
1282,1200,xuyuanchigaoji4.png,书籍核心自选宝箱*2,1,15188,,78,2024/7/2,0:00:00,2024/7/7,23:59:59,,3,1,,许愿池,,,2000,,,,,,1,,,,,
1283,2400,xuyuanchigaoji5.png,橙色加强型配件自选宝箱*1,1,15189,,78,2024/7/2,0:00:00,2024/7/7,23:59:59,,3,1,,许愿池,,,4000,,,,,,1,,,,,
1284,3000,xuyuanchigaoji6.png,招募卡自选包*10,1,15190,,78,2024/7/2,0:00:00,2024/7/7,23:59:59,,3,1,,许愿池,,,5000,,,,,,1,,,,,
1285,300,jiangzhangyouhui1.png,300勋章、加强型奖章自选卡*1、稀有合金*2、1000奖章经验*1,1,15198,,79,2024/7/24,0:00:00,2024/7/25,23:59:59,,2,1,,奖章优惠购,,,1000,,,,,,1,,,,,
1286,1880,jiangzhangyouhui2.png,1880勋章、加强型奖章自选卡*5、稀有合金*30、1000奖章经验*5,1,15199,,79,2024/7/24,0:00:00,2024/7/25,23:59:59,,2,1,,奖章优惠购,,,6380,,,,,,1,,,,,
1287,98,huadanxianlitehui9.png,探索卡自选包*10,1,15200,,80,2024/7/15,0:00:00,2024/7/21,23:59:59,,3,5,,公会献礼全军出击,,,250,,,,,,1,,,,,
1288,358,huadanxianlitehui2.png,2级参谋技能书*12,1,15201,,80,2024/7/15,0:00:00,2024/7/21,23:59:59,,3,5,,公会献礼全军出击,,,1200,,,,,,1,,,,,
1289,488,huadanxianlitehui3.png,参谋配件改造器*5、24小时加速卡*2,1,15202,,80,2024/7/15,0:00:00,2024/7/21,23:59:59,,3,5,,公会献礼全军出击,,,1580,,,,,,1,,,,,
1290,1000,huadanxianlitehui4.png,战略自选宝箱*30、自选核心宝箱*1,1,15203,,80,2024/7/15,0:00:00,2024/7/21,23:59:59,,3,5,,公会献礼全军出击,,,2500,,,,,,1,,,,,
1291,1198,huadanxianlitehui5.png,紫色特工令*10,1,15204,,80,2024/7/15,0:00:00,2024/7/21,23:59:59,,3,5,,公会献礼全军出击,,,3000,,,,,,1,,,,,
1292,1998,huadanxianlitehui6.png,紫色参谋随机卡*1,1,15205,,80,2024/7/15,0:00:00,2024/7/21,23:59:59,,3,5,,公会献礼全军出击,,,4000,,,,,,1,,,,,
1293,2280,2023zhongqiuyutu1.png,超级能量石*5、2280勋章 送 逐月月饼*40,1,15206,,81,2023/9/24,0:00:00,2023/9/30,23:59:59,,3,10,,中秋玉兔逐月,,,5462,,,,,,,,,,,
1294,4580,2023zhongqiuyutu2.png,完美幸运石*6、4580勋章 送 逐月月饼*60,1,15207,,81,2023/9/24,0:00:00,2023/9/30,23:59:59,,3,5,,中秋玉兔逐月,,,11228,,,,,,,,,,,
1295,8880,2023zhongqiuyutu3.png,6级参谋技能书*4、8880勋章 送 逐月月饼*100,1,15208,,81,2023/9/24,0:00:00,2023/9/30,23:59:59,,3,6,,中秋玉兔逐月,,,21360,,,,,,,,,,,
1296,448,yututehui4.png,战略自选宝箱*30,1,15209,,81,2022/9/4,0:00:00,2022/9/10,23:59:59,,3,3,,中秋玉兔逐月,,,1500,,,,,,,,,,,
1297,1198,yututehui5.png,紫色特工令*10,1,15210,,81,2022/9/4,0:00:00,2022/9/10,23:59:59,,3,3,,中秋玉兔逐月,,,3000,,,,,,,,,,,
1298,1998,yututehui6.png,紫色参谋随机卡*1,1,15211,,81,2022/9/4,0:00:00,2022/9/10,23:59:59,,3,3,,中秋玉兔逐月,,,4000,,,,,,,,,,,
1299,2498,yututehui7.png,招募卡自选包*10,1,15212,,81,2022/9/4,0:00:00,2022/9/10,23:59:59,,3,3,,中秋玉兔逐月,,,5000,,,,,,,,,,,
1300,58,huadanxianlitehui1.png,探索卡自选包*10,1,15213,,82,2022/10/1,0:00:00,2022/10/7,23:59:59,,2,1,,华诞献礼,,,250,,,,,,,,,,,
1301,358,huadanxianlitehui2.png,2级参谋技能书*12,1,15214,,82,2022/10/1,0:00:00,2022/10/7,23:59:59,,2,1,,华诞献礼,,,1200,,,,,,,,,,,
1302,488,huadanxianlitehui3.png,参谋配件改造器*5、24小时加速卡*2,1,15215,,82,2022/10/1,0:00:00,2022/10/7,23:59:59,,2,1,,华诞献礼,,,1600,,,,,,,,,,,
1303,1000,huadanxianlitehui4.png,战略自选宝箱*30、自选核心宝箱*1,1,15216,,82,2022/10/1,0:00:00,2022/10/7,23:59:59,,2,1,,华诞献礼,,,2500,,,,,,,,,,,
1304,1198,huadanxianlitehui5.png,紫色特工令*10,1,15217,,82,2022/10/1,0:00:00,2022/10/7,23:59:59,,2,1,,华诞献礼,,,3000,,,,,,,,,,,
1305,1998,huadanxianlitehui6.png,紫色参谋随机卡*1,1,15218,,82,2022/10/1,0:00:00,2022/10/7,23:59:59,,2,1,,华诞献礼,,,4000,,,,,,,,,,,
1306,2498,huadanxianlitehui7.png,招募卡自选包*10,1,15219,,82,2022/10/1,0:00:00,2022/10/7,23:59:59,,2,1,,华诞献礼,,,5000,,,,,,,,,,,
1307,100,bigcredits.png,加强干扰器限时送,1,15220,,83,2024/7/15,0:00:00,2024/7/16,23:59:59,,4,,,加强干扰器限时送,,,100,,,,,,1,,,,,
1308,98,huadanxianlitehui8.png,探索卡自选包*10,1,15226,,84,2022/11/19,0:00:00,2022/11/28,23:59:59,,3,7,,周年感恩季火鸡派对,,,250,,,,,,,,,,,
1309,358,huadanxianlitehui2.png,2级参谋技能书*12,1,15227,,84,2022/11/19,0:00:00,2022/11/28,23:59:59,,3,7,,周年感恩季火鸡派对,,,1200,,,,,,,,,,,
1310,488,huadanxianlitehui3.png,参谋配件改造器*5、24小时加速卡*2,1,15228,,84,2022/11/19,0:00:00,2022/11/28,23:59:59,,3,7,,周年感恩季火鸡派对,,,1580,,,,,,,,,,,
1311,1000,huadanxianlitehui4.png,战略自选宝箱*30、自选核心宝箱*1,1,15229,,84,2022/11/19,0:00:00,2022/11/28,23:59:59,,3,7,,周年感恩季火鸡派对,,,2500,,,,,,,,,,,
1312,1198,huadanxianlitehui5.png,紫色特工令*10,1,15230,,84,2022/11/19,0:00:00,2022/11/28,23:59:59,,3,7,,周年感恩季火鸡派对,,,3000,,,,,,,,,,,
1313,1998,huadanxianlitehui6.png,紫色参谋随机卡*1,1,15231,,84,2022/11/19,0:00:00,2022/11/28,23:59:59,,3,7,,周年感恩季火鸡派对,,,4000,,,,,,,,,,,
1314,2498,huadanxianlitehui7.png,招募卡自选包*10,1,15232,,84,2022/11/19,0:00:00,2022/11/28,23:59:59,,3,7,,周年感恩季火鸡派对,,,5000,,,,,,,,,,,
1315,8888,xsqgQ51.png,探索卡自选包*500 送 公会科技研究点*1500、公会高级科技研究点*500,1,15233,,45,2024/7/22,0:00:00,2024/7/23,23:59:59,,2,1,,限时抢购礼包,1,,21000,,,,,,1,,,,,
1316,7500,2laboratory7500.png,探索卡自选包*400，[送]战略自选宝箱*100,1,15238,,14,2024/7/28,0:00:00,2024/7/29,23:59:59,,2,1,,实验室的馈赠,1,,15000,,,,,,1,,,,,
1317,2498,tehuilibao7.png,招募卡自选包*10,1,15240,,58,2022/12/29,0:00:00,2022/12/30,23:59:59,,3,3,,特惠礼包,1,,5000,,,,,,,,,,,
1318,98,huadanxianlitehui8.png,探索卡自选包*10,1,15246,,85,2023/1/21,0:00:00,2023/1/30,23:59:59,,3,5,,春福到,,,250,,,,,,,,,,,
1319,358,huadanxianlitehui2.png,2级参谋技能书*12,1,15247,,85,2023/1/21,0:00:00,2023/1/30,23:59:59,,3,5,,春福到,,,1200,,,,,,,,,,,
1320,488,huadanxianlitehui3.png,参谋配件改造器*5、24小时加速卡*2,1,15248,,85,2023/1/21,0:00:00,2023/1/30,23:59:59,,3,5,,春福到,,,1580,,,,,,,,,,,
1321,1000,huadanxianlitehui4.png,战略自选宝箱*30、自选核心宝箱*1,1,15249,,85,2023/1/21,0:00:00,2023/1/30,23:59:59,,3,5,,春福到,,,2500,,,,,,,,,,,
1322,1198,huadanxianlitehui5.png,紫色特工令*10,1,15250,,85,2023/1/21,0:00:00,2023/1/30,23:59:59,,3,5,,春福到,,,3000,,,,,,,,,,,
1323,1998,huadanxianlitehui6.png,紫色参谋随机卡*1,1,15251,,85,2023/1/21,0:00:00,2023/1/30,23:59:59,,3,5,,春福到,,,4000,,,,,,,,,,,
1324,2498,huadanxianlitehui7.png,招募卡自选包*10,1,15252,,85,2023/1/21,0:00:00,2023/1/30,23:59:59,,3,5,,春福到,,,5000,,,,,,,,,,,
1325,120,shenmishangren7.png,280勋章、24小时升级加速自选卡*1 送 公会科技研究点*20、公会高级科技研究点*5,1,15265,,86,2024/7/20,0:00:00,2024/7/21,23:59:59,,2,1,,神秘商人X,,,570,,,,,,1,,,,,
1326,300,shenmishangren8.png,380勋章、紫色特工令*2 送 公会科技研究点*40、公会高级科技研究点*10,1,15266,,86,2024/7/20,0:00:00,2024/7/21,23:59:59,,2,1,,神秘商人X,,,980,,,,,,1,,,,,
1327,880,shenmishangrenC.png,1280勋章、超级能量石*4 送 公会科技研究点*150、公会高级科技研究点*40,1,15267,,86,2024/7/20,0:00:00,2024/7/21,23:59:59,,2,1,,神秘商人X,,,2080,,,,,,1,,,,,
1328,1680,shenmishangren10.png,1980勋章、探索卡神秘宝箱*1 送 公会科技研究点*300、公会高级科技研究点*80,1,15268,,86,2024/7/20,0:00:00,2024/7/21,23:59:59,,2,1,,神秘商人X,,,4643,,,,,,1,,,,,
1329,3580,shenmishangren11.png,3980勋章、参谋天赋点自选宝箱碎片*3 送 公会科技研究点*600、公会高级科技研究点*150,1,15269,,86,2024/7/20,0:00:00,2024/7/21,23:59:59,,2,1,,神秘商人X,,,6980,,,,,,1,,,,,
1330,6480,shenmishangren12.png,6980勋章、招募卡神秘宝箱*1 送 公会科技研究点*1500、公会高级科技研究点*300,1,15270,,86,2024/7/20,0:00:00,2024/7/21,23:59:59,,2,1,,神秘商人X,,,18800,,,,,,1,,,,,
1331,2498,huadanxianlitehui7.png,招募卡自选包*10,1,15275,,80,2024/7/15,0:00:00,2024/7/21,23:59:59,,3,5,,公会献礼全军出击,,,5000,,,,,,1,,,,,
1332,98,zhishu1.png,探索卡自选包*10,1,15282,,87,2024/3/12,0:00:00,2024/3/16,23:59:59,,3,5,,公会植树招募令,,,250,,,,,,1,,,,,
1333,358,zhishu2.png,2级参谋技能书*12,1,15283,,87,2024/3/12,0:00:00,2024/3/16,23:59:59,,3,5,,公会植树招募令,,,1200,,,,,,1,,,,,
1334,488,zhishu3.png,参谋配件改造器*5、24小时加速卡*2,1,15284,,87,2024/3/12,0:00:00,2024/3/16,23:59:59,,3,5,,公会植树招募令,,,1580,,,,,,1,,,,,
1335,1000,zhishu4.png,战略自选宝箱*30、自选核心宝箱*1,1,15285,,87,2024/3/12,0:00:00,2024/3/16,23:59:59,,3,5,,公会植树招募令,,,2500,,,,,,1,,,,,
1336,1198,zhishu5.png,紫色特工令*10,1,15286,,87,2024/3/12,0:00:00,2024/3/16,23:59:59,,3,5,,公会植树招募令,,,3000,,,,,,1,,,,,
1337,1998,zhishu6.png,3级将领学习书*10,1,15287,,87,2024/3/12,0:00:00,2024/3/16,23:59:59,,3,5,,公会植树招募令,,,8000,,,,,,1,,,,,
1338,1998,zhishu7.png,紫色参谋随机卡*1,1,15288,,87,2024/3/12,0:00:00,2024/3/16,23:59:59,,3,5,,公会植树招募令,,,4000,,,,,,1,,,,,
1339,2498,zhishu8.png,招募卡自选包*10,1,15289,,87,2024/3/12,0:00:00,2024/3/16,23:59:59,,3,5,,公会植树招募令,,,5000,,,,,,1,,,,,
1340,150,shenmishangrenC7.png,160勋章、超级能量石*2,1,15290,,88,2024/7/24,0:00:00,2024/7/25,23:59:59,,2,1,,神秘商人H,,,460,,,,,,1,,,,,
1341,300,shenmishangrenB8.png,380勋章、坦克研究6小时加速卡*10,1,15291,,88,2024/7/24,0:00:00,2024/7/25,23:59:59,,2,1,,神秘商人H,,,2180,,,,,,1,,,,,
1342,880,shenmishangrenB3.png,1280勋章、100点军魂卡*16,1,15292,,88,2024/7/24,0:00:00,2024/7/25,23:59:59,,2,1,,神秘商人H,,,2880,,,,,,1,,,,,
1343,1680,shenmishangrenB4.png,1880勋章、紫色英雄装备信物随机宝箱*12,1,15293,,88,2024/7/24,0:00:00,2024/7/25,23:59:59,,2,1,,神秘商人H,,,3080,,,,,,1,,,,,
1344,3980,shenmishangrenB5.png,3980勋章、紫色英雄装备信物自选箱*4,1,15294,,88,2024/7/24,0:00:00,2024/7/25,23:59:59,,2,1,,神秘商人H,,,7980,,,,,,1,,,,,
1345,8880,shenmishangrenF8.png,8880勋章、6级学习书*1、超级幸运符*4,1,15295,,88,2024/7/24,0:00:00,2024/7/25,23:59:59,,2,1,,神秘商人H,,,13630,,,,,,1,,,,,
1346,1998,huadanxianlitehui8.png,3级将领学习书*10,1,15297,,80,2024/7/15,0:00:00,2024/7/21,23:59:59,,3,5,,公会献礼全军出击,,,8000,,,,,,1,,,,,
1347,100,chaozhiqiandao.png,超值签到,1,,,89,,,,,,2,1,,超值每日签到,,,,,,,,,1,,,,,
1348,680,haohuaqiandao.png,豪华签到,1,,,89,,,,,,2,1,,豪华每日签到,,,,,,,,,1,,,,,
1349,200,chaozhibuqian.png,超值签到VIP0补签,1,,,89,,,,,,2,1,,超值每日签到,,,,,,,,,1,,,,,
1350,200,chaozhibuqian.png,超值签到VIP1补签,1,,,89,,,,,,2,1,,超值每日签到,,,,,,,,,1,,,,,
1351,200,chaozhibuqian.png,超值签到VIP2补签,1,,,89,,,,,,2,1,,超值每日签到,,,,,,,,,1,,,,,
1352,200,chaozhibuqian.png,超值签到VIP3补签,1,,,89,,,,,,2,1,,超值每日签到,,,,,,,,,1,,,,,
1353,200,chaozhibuqian.png,超值签到VIP4补签,1,,,89,,,,,,2,1,,超值每日签到,,,,,,,,,1,,,,,
1354,200,chaozhibuqian.png,超值签到VIP5补签,1,,,89,,,,,,2,1,,超值每日签到,,,,,,,,,1,,,,,
1355,200,chaozhibuqian.png,超值签到VIP6补签,1,,,89,,,,,,2,1,,超值每日签到,,,,,,,,,1,,,,,
1356,200,chaozhibuqian.png,超值签到VIP7补签,1,,,89,,,,,,2,1,,超值每日签到,,,,,,,,,1,,,,,
1357,680,haohuabuqian.png,豪华签到VIP0补签,1,,,89,,,,,,2,1,,豪华每日签到,,,,,,,,,1,,,,,
1358,680,haohuabuqian.png,豪华签到VIP1补签,1,,,89,,,,,,2,1,,豪华每日签到,,,,,,,,,1,,,,,
1359,680,haohuabuqian.png,豪华签到VIP2补签,1,,,89,,,,,,2,1,,豪华每日签到,,,,,,,,,1,,,,,
1360,680,haohuabuqian.png,豪华签到VIP3补签,1,,,89,,,,,,2,1,,豪华每日签到,,,,,,,,,1,,,,,
1361,680,haohuabuqian.png,豪华签到VIP4补签,1,,,89,,,,,,2,1,,豪华每日签到,,,,,,,,,1,,,,,
1362,680,haohuabuqian.png,豪华签到VIP5补签,1,,,89,,,,,,2,1,,豪华每日签到,,,,,,,,,1,,,,,
1363,680,haohuabuqian.png,豪华签到VIP6补签,1,,,89,,,,,,2,1,,豪华每日签到,,,,,,,,,1,,,,,
1364,680,haohuabuqian.png,豪华签到VIP7补签,1,,,89,,,,,,2,1,,豪华每日签到,,,,,,,,,1,,,,,
1365,1998,tehuilibao8.png,3级将领学习书*10,1,15298,,58,2023/4/3,0:00:00,2023/4/5,23:59:59,,3,5,,特惠礼包,1,,8000,,,,,,,,,,,
1366,2498,tehuilibao9.png,招募卡自选包*10,1,15299,,58,2023/4/3,0:00:00,2023/4/5,23:59:59,,3,5,,特惠礼包,1,,5000,,,,,,,,,,,
1367,1000,haohuahuiguili.png,豪华回归礼包,1,,,66,2023/4/11,0:00:00,2023/4/17,23:59:59,,3,1,,兄弟集结令,1,,28458,,,,,,,,,,,
1368,280,hpxsbj1.png,280勋章、高级特工令*2,1,15326,,91,2024/7/23,0:00:00,2024/7/24,23:59:59,,2,1,,火炮限时补给,,,890,,,,,,1,,,,,
1369,1880,hpxsbj3.png,1880勋章、高级特工令*6、专属火炮核心零件*2,1,15327,,91,2024/7/23,0:00:00,2024/7/24,23:59:59,,2,1,,火炮限时补给,,,4000,,,,,,1,,,,,
1370,4980,hpxsbj4.png,4980勋章、高级特工令*18、专属火炮改造图纸*1,1,15328,,91,2024/7/23,0:00:00,2024/7/24,23:59:59,,2,1,,火炮限时补给,,,12900,,,,,,1,,,,,
1371,2000,guozhanyueka.png,国战月卡,1,,10205,,2023/6/1,0:00:00,2033/6/1,0:00:00,,3,1,,国战月卡,,,,,,,,,3,,,,,
1372,2580,zhaomukazhou.png,招募卡周礼包：招募卡自选包*10 送 公会科技研究点*200、公会高级科技研究点*50,1,15414,10202,50,,,,,,6,1,,VIP福利礼包-周礼包,,,5000,,,,,,1,,,,,
1373,1280,tansuokazhou.png,探索卡周礼包：探索卡自选包*50 送 公会科技研究点*100、公会高级科技研究点*30,1,15415,10202,50,,,,,,6,1,,VIP福利礼包-周礼包,,,2500,,,,,,1,,,,,
1374,1280,haoyinquanzhou.png,豪饮券周礼包：豪饮券*5、英雄信物自选宝箱*1 送 公会科技研究点*100、公会高级科技研究点*30,1,15416,10202,50,,,,,,6,1,,VIP福利礼包-周礼包,,,3250,,,,,,1,,,,,
1375,1380,tegonglingzhou.png,特工令周礼包：高级特工令*10 送 公会科技研究点*100、公会高级科技研究点*30,1,15417,10202,50,,,,,,6,1,,VIP福利礼包-周礼包,,,3000,,,,,,1,,,,,
1376,10880,zhaomukayueQ.png,招募卡月礼包：招募卡自选包*60、6级学习书*4 送 公会科技研究点*2000、公会高级科技研究点*500,1,15419,10202,56,,,,,,4,2,,VIP福利礼包-月礼包,,,24500,,,,,,1,,,,,
1377,10880,tansuokayueQ.png,探索卡月礼包：探索卡自选包*650、军备改造晶石*20 送 公会科技研究点*2000、公会高级科技研究点*500,1,15420,10202,56,,,,,,4,2,,VIP福利礼包-月礼包,,,28000,,,,,,1,,,,,
1378,9980,haoyinquanyueQ.png,豪饮券月礼包：豪饮券*40、英雄信物自选宝箱*25 送 公会科技研究点*1500、公会高级科技研究点*300,1,15421,10202,56,,,,,,4,2,,VIP福利礼包-月礼包,,,27500,,,,,,1,,,,,
1379,10580,tegonglingyueQ.png,特工令月礼包：高级特工令*90、专属火炮核心零件*2、专属火炮改造图纸*1 送 公会科技研究点*1500、公会高级科技研究点*300,1,15422,10202,56,,,,,,4,2,,VIP福利礼包-月礼包,,,30000,,,,,,1,,,,,
1380,2980,qqgamejssjjl.png,Q点解锁升级奖励：QQ游戏20年字卡自选包*60，烈焰*夕兽卡*1，指挥中心11周年皮肤（返场）自选包*1,1,15427,,92,2023/8/1,0:00:00,2023/8/31,23:59:59,,3,1,,QQ游戏20年集字换礼,,,,,,,,,,,,,,
1381,280,hpxsbj1.png,280勋章、高级特工令*2,1,15326,,91,2024/7/28,0:00:00,2024/7/29,23:59:59,,2,1,,火炮限时补给,,,890,,,,,,1,,,,,
1382,1880,hpxsbj3.png,1880勋章、高级特工令*6、专属火炮核心零件*2,1,15327,,91,2024/7/28,0:00:00,2024/7/29,23:59:59,,2,1,,火炮限时补给,,,4000,,,,,,1,,,,,
1383,4980,hpxsbj4.png,4980勋章、高级特工令*18、专属火炮改造图纸*1,1,15328,,91,2024/7/28,0:00:00,2024/7/29,23:59:59,,2,1,,火炮限时补给,,,12900,,,,,,1,,,,,
1384,1980,chaojinengliang1.png,豪饮券*6、超级能量石*12 送 能量石*20,1,15460,,93,2024/7/22,0:00:00,2024/7/23,23:59:59,,2,1,,超级能量包,,,4800,,,,,,1,,,,,
1385,3980,chaojinengliang2.png,豪饮券*12、英雄信物自选宝箱*2、超级能量石*20 送 能量石*50,1,15461,,93,2024/7/22,0:00:00,2024/7/23,23:59:59,,2,1,,超级能量包,,,10500,,,,,,1,,,,,
1386,6980,chaojinengliang3.png,豪饮券*20、英雄信物自选宝箱*4、超级能量石*35 送 能量石*100,1,15462,,93,2024/7/22,0:00:00,2024/7/23,23:59:59,,2,1,,超级能量包,,,18250,,,,,,1,,,,,
1387,10800,6jixuexishuzQ.png,6级学习书周礼包：6级学习书*5、超级幸运符*2、技能保护符*2 送 公会科技研究点*1500、公会高级科技研究点*300,1,15487,10202,50,,,,,,6,1,,VIP福利礼包-周礼包,,,6900,,,,,,1,,,,,
1388,8880,xlbjtq.png,白金特权,1,15488,,94,2023/10/1,0:00:00,2023/10/7,23:59:59,,3,1,,献礼十月,,,8880,,,,,,,,,,,
1389,1980,xianlilibao1.png,Q点礼包1,1,15489,,94,2023/10/1,0:00:00,2023/10/7,23:59:59,,3,10,,献礼十月,,,3626,,,,,,,,,,,
1390,4980,xianlilibao2.png,Q点礼包2,1,15490,,94,2023/10/1,0:00:00,2023/10/7,23:59:59,,3,10,,献礼十月,,,10969,,,,,,,,,,,
1391,8980,xianlilibao3.png,Q点礼包3,1,15491,,94,2023/10/1,0:00:00,2023/10/7,23:59:59,,3,14,,献礼十月,,,30544,,,,,,,,,,,
1392,18,chaozhizixuan1.png,18 Q点自选包,1,15506,,95,2023/12/16,0:00:00,2033/12/17,23:59:59,,2,1,,超值自选包,,,,,,,,,1,,,,,
1393,380,chaozhizixuan2.png,380 Q点自选包,1,15507,,95,2023/12/16,0:00:00,2033/12/17,23:59:59,,2,1,,超值自选包,,,,,,,,,1,,,,,
1394,980,chaozhizixuan3.png,980 Q点自选包,1,15508,,95,2023/12/16,0:00:00,2033/12/17,23:59:59,,2,1,,超值自选包,,,,,,,,,1,,,,,
1395,2880,chaozhizixuan4.png,2880 Q点自选包,1,15509,,95,2023/12/16,0:00:00,2033/12/17,23:59:59,,2,1,,超值自选包,,,,,,,,,1,,,,,
1396,5880,chaozhizixuan5.png,5880 Q点自选包,1,15510,,95,2023/12/16,0:00:00,2033/12/17,23:59:59,,2,1,,超值自选包,,,,,,,,,1,,,,,
1397,8880,chaozhizixuan6.png,8880 Q点自选包,1,15511,,95,2023/12/16,0:00:00,2033/12/17,23:59:59,,2,1,,超值自选包,,,,,,,,,1,,,,,
1398,1980,paoshoubaozang1.png,超级能量石*3、1980勋章 送 宝藏钥匙*12,1,15512,,96,2024/7/26,0:00:00,2024/7/30,23:59:59,,3,12,,炮手宝藏,,,3630,,,,,,1,,,,,
1399,4980,paoshoubaozang2.png,招募卡自选包*5、4980勋章 送 宝藏钥匙*36,1,15513,,96,2024/7/26,0:00:00,2024/7/30,23:59:59,,3,12,,炮手宝藏,,,10980,,,,,,1,,,,,
1400,8980,paoshoubaozang3.png,探索卡自选包*80、8980勋章 送 宝藏钥匙*150,1,15514,,96,2024/7/26,0:00:00,2024/7/30,23:59:59,,3,9999,,炮手宝藏,,,27980,,,,,,1,,,,,
1401,2880,baozangtequan.png,派对特权,1,15515,,98,2024/7/26,0:00:00,2024/7/30,23:59:59,,3,1,,炮手宝藏特权,,,2880,,,,,,1,,,,,
1402,2880,hjpdhjtq.png,黄金特权,1,15549,,97,2023/11/23,0:00:00,2023/11/29,23:59:59,,3,1,,2023感恩季火鸡派对黄金特权,,,,,,,,,,,,,,
1403,8880,hjpdbjtq.png,白金特权,1,15550,,97,2023/11/23,0:00:00,2023/11/29,23:59:59,,3,1,,2023感恩季火鸡派对白金特权,,,,,,,,,,,,,,
1404,1980,ganenhuojiQ1.png,探索卡自选包*12、1980勋章 送 火鸡烹饪包*12,1,15551,,97,2023/11/23,0:00:00,2023/11/29,23:59:59,,3,10,,2023感恩季火鸡派对,,,,,,,,,,,,,,
1405,4980,ganenhuojiQ2.png,高级特工令*8、4980勋章 送 火鸡烹饪包*35,1,15552,,97,2023/11/23,0:00:00,2023/11/29,23:59:59,,3,10,,2023感恩季火鸡派对,,,,,,,,,,,,,,
1406,8980,ganenhuojiQ3.png,专属火炮核心零件*1、8980勋章 送 火鸡烹饪包*100,1,15553,,97,2023/11/23,0:00:00,2023/11/29,23:59:59,,3,15,,2023感恩季火鸡派对,,,,,,,,,,,,,,
1407,300,paoshoubaozang5.png,300勋章 送 宝藏钥匙*7,1,15555,,96,2024/7/26,0:00:00,2024/7/30,23:59:59,,3,12,,炮手宝藏,,,1000,,,,,,1,,,,,
1408,2880,xyshjtq.png,许愿树黄金特权,1,15588,,99,2024/7/4,0:00:00,2024/7/8,23:59:59,,3,1,,许愿树黄金特权,,,,,,,,,1,,,,,
1409,8880,xysbjtq.png,许愿树白金特权,1,15589,,99,2024/7/4,0:00:00,2024/7/8,23:59:59,,3,1,,许愿树白金特权,,,,,,,,,1,,,,,
1410,240,xuyuanshuQ1.png,240勋章 送 “泉水”*5,1,15590,,99,2024/7/4,0:00:00,2024/7/8,23:59:59,,3,12,,许愿树,,,1030,,,,,,1,,,,,
1411,1980,xuyuanshuQ2.png,1980勋章 送 “泉水”*30,1,15591,,99,2024/7/4,0:00:00,2024/7/8,23:59:59,,3,12,,许愿树,,,5730,,,,,,1,,,,,
1412,4980,xuyuanshuQ31.png,4980勋章 送 高级特工令*16,1,15592,,99,2024/7/4,0:00:00,2024/7/8,23:59:59,,3,100,,许愿树,,,14980,,,,,,1,,,,,
1413,8980,xuyuanshuQ4.png,8980勋章 送 “泉水”*180,1,15593,,99,2024/7/4,0:00:00,2024/7/8,23:59:59,,3,100,,许愿树,,,29480,,,,,,1,,,,,
1414,6000,xystqsj.png,6000勋章,1,15594,,99,2024/7/4,0:00:00,2024/7/8,23:59:59,,3,1,,许愿树升级特权,,,6000,,,,,,1,,,,,
1415,2880,dgdbhjtq.png,2880勋章、指挥中心皮肤/称号返场自选包*1,1,15611,,100,2024/5/10,0:00:00,2024/5/14,23:59:59,,3,1,,蛋糕夺宝黄金特权,,,,,,,,,1,,,,,
1416,8880,dgdbbjtq.png,8880勋章、12周年限定装饰、指挥中心皮肤/称号返场自选包*1,1,15612,,100,2024/5/10,0:00:00,2024/5/14,23:59:59,,3,1,,蛋糕夺宝白金特权,,,,,,,,,1,,,,,
1417,320,dgdbQ1.png,320勋章、周年礼券*1,1,15613,,100,2024/5/10,0:00:00,2024/5/14,23:59:59,,3,12,,蛋糕夺宝,,,680,,,,,,1,,,,,
1418,1980,dgdbQ2.png,1980勋章、周年礼券*8,1,15614,,100,2024/5/10,0:00:00,2024/5/14,23:59:59,,3,12,,蛋糕夺宝,,,4860,,,,,,1,,,,,
1419,4980,dgdbQ3.png,4980勋章、周年礼券*20,1,15615,,100,2024/5/10,0:00:00,2024/5/14,23:59:59,,3,12,,蛋糕夺宝,,,12180,,,,,,1,,,,,
1420,8980,dgdbQ4.png,8980勋章、周年礼券*50,1,15616,,100,2024/5/10,0:00:00,2024/5/14,23:59:59,,3,100,,蛋糕夺宝,,,27130,,,,,,1,,,,,
1421,1280,bingotq.png,缤果特权：1280勋章，“缤果币”*15，连线奖励“缤果碎片”升级至3倍数量，奖章商店道具兑换上限提升。,1,15636,,101,2024/7/19,0:00:00,2024/7/23,23:59:59,,3,1,,奖章缤果乐缤果特权,,,,,,,,,1,,,,,
1422,3980,2024cfdtq.png,春福到特权：3980勋章、神龙专属火炮皮肤、字卡自选包*50,1,15656,,102,2024/2/9,0:00:00,2024/2/15,23:59:59,,3,1,,春福到特权,,,,,,,,,,,,,,
1423,190,2024cfdQ1.png,190 勋章、龙年春联字卡自选包*1 ,1,15657,,102,2024/2/9,0:00:00,2024/2/15,23:59:59,,3,12,,春福到,,,940,,,,,,1,,,,,
1424,1980,2024cfdQ2.png,1980勋章、龙年春联字卡自选包*5,1,15658,,102,2024/2/9,0:00:00,2024/2/15,23:59:59,,3,12,,春福到,,,5730,,,,,,1,,,,,
1425,4980,2024cfdQ3.png,4980勋章、龙年春联字卡自选包*12,1,15659,,102,2024/2/9,0:00:00,2024/2/15,23:59:59,,3,12,,春福到,,,13980,,,,,,1,,,,,
1426,8980,2024cfdQ4.png,8980勋章、龙年春联字卡自选包*32,1,15660,,102,2024/2/9,0:00:00,2024/2/15,23:59:59,,3,100,,春福到,,,32980,,,,,,1,,,,,
1427,500,Qzhaomuling.png,招募令,1,15690,10206,103,2024/3/12,0:00:00,2034/12/31,23:59:59,,3,1,,植树招募令,,,500,,,,,,1,,,,,
1428,398,suipianlibao.png,398勋章、30天虎啸龙吟*1、虎啸龙吟碎片*1,1,15697,,104,2024/7/29,0:00:00,2024/7/31,23:59:59,,3,2,,碎片限时购,,,,,,,,,1,,,,,
1429,190,12YlibaoQ1.png,190勋章、12周年字卡自选包*2,1,15733,,105,2024/5/3,0:00:00,2024/5/7,23:59:59,,3,12,,12周年集字换礼,,,857,,,,,,1,,,,,
1430,1980,12YlibaoQ2.png,1980勋章、12周年字卡自选包*8,1,15734,,105,2024/5/3,0:00:00,2024/5/7,23:59:59,,3,12,,12周年集字换礼,,,4647,,,,,,1,,,,,
1431,4980,12YlibaoQ3.png,4980勋章、12周年字卡自选包*22,1,15735,,105,2024/5/3,0:00:00,2024/5/7,23:59:59,,3,12,,12周年集字换礼,,,12313,,,,,,1,,,,,
1432,8980,12YlibaoQ4.png,8980勋章、12周年字卡自选包*50,1,15736,,105,2024/5/3,0:00:00,2024/5/7,23:59:59,,3,100,,12周年集字换礼,,,25647,,,,,,1,,,,,
1433,4280,12Ykttq.png,开通特权：4280勋章、12周年蛋糕限定皮肤、字卡自选包*35,1,15737,,105,2024/5/3,0:00:00,2024/5/7,23:59:59,,3,1,,12周年集字换礼,,,,,,,,,1,,,,,
1434,6000,dgdbtqsj.png,6000勋章、12周年限定装饰,1,15738,,100,2024/5/10,0:00:00,2024/5/14,23:59:59,,3,1,,蛋糕夺宝特权升级,,,,,,,,,1,,,,,
1435,15880,chaozhizixuan7.png,15880 Q点自选包,1,15739,,95,2024/5/13,0:00:00,2033/12/17,23:59:59,,2,1,,超值自选包,,,,,,,,,1,,,,,
1436,1000,fulimooncard.png,福利月卡,1,-1,10207,106,,,,,,3,1,,福利月卡,,,1000,,,,,,3,,,,,
1437,3000,cwyklb.png,畅玩月卡礼包,1,,,107,,,,,,3,1,15752,畅玩月卡礼包,,,3000,,,,,,3,,,,,
1438,300,pffcxsg1.png,返场限时购自选包1,1,15747,,108,2024/6/27,0:00:00,2024/6/30,23:59:59,,3,1,,皮肤返场限时购,,,,,,,,,1,,,,,
1439,2880,pffcxsg2.png,返场限时购自选包2,1,15748,,108,2024/6/27,0:00:00,2024/6/30,23:59:59,,3,7,,皮肤返场限时购,,,,,,,,,1,,,,,
1440,3980,pffcxsg3.png,返场限时购自选包3,1,15749,,108,2024/6/27,0:00:00,2024/6/30,23:59:59,,3,1,,皮肤返场限时购,,,,,,,,,1,,,,,
1441,4280,pffcxsg4.png,返场限时购自选包4,1,15750,,108,2024/6/27,0:00:00,2024/6/30,23:59:59,,3,1,,皮肤返场限时购,,,,,,,,,1,,,,,
1442,8880,pffcxsg5.png,返场限时购自选包5,1,15751,,108,2024/6/27,0:00:00,2024/6/30,23:59:59,,3,2,,皮肤返场限时购,,,,,,,,,1,,,,,
1443,680,hpxsbj2.png,680勋章、专属火炮核心零件*1,1,15753,,91,2024/7/23,0:00:00,2024/7/24,23:59:59,,2,1,,火炮限时补给,,,2380,,,,,,1,,,,,
1444,8980,hpxsbj5.png,8980勋章、高级特工令*30、专属火炮改造图纸*2,1,15754,,91,2024/7/23,0:00:00,2024/7/24,23:59:59,,2,1,,火炮限时补给,,,32980,,,,,,1,,,,,
1445,680,hpxsbj2.png,680勋章、专属火炮核心零件*1,1,15753,,91,2024/7/28,0:00:00,2024/7/29,23:59:59,,2,1,,火炮限时补给,,,2380,,,,,,1,,,,,
1446,8980,hpxsbj5.png,8980勋章、高级特工令*30、专属火炮改造图纸*2,1,15754,,91,2024/7/28,0:00:00,2024/7/29,23:59:59,,2,1,,火炮限时补给,,,32980,,,,,,1,,,,,
1447,3880,jiangzhangyouhui3.png,3880勋章、加强型奖章自选卡*10、稀有合金*40、1000奖章经验*10,1,15760,,79,2024/7/24,0:00:00,2024/7/25,23:59:59,,2,1,,奖章优惠购,,,11980,,,,,,1,,,,,
1448,8880,jiangzhangyouhui4.png,8880勋章、加强型奖章自选卡*30、稀有合金*80、1000奖章经验*20,1,15761,,79,2024/7/24,0:00:00,2024/7/25,23:59:59,,2,1,,奖章优惠购,,,30880,,,,,,1,,,,,
1449,12880,jiangzhangyouhui5.png,12880 勋章、加强型奖章自选卡*50、稀有合金*160、1000奖章经验*40,1,15762,,79,2024/7/24,0:00:00,2024/7/25,23:59:59,,2,1,,奖章优惠购,,,50880,,,,,,1,,,,,
1450,1880,xuexijihua.png,学习计划：升技金卡*1、1880勋章,1,15771,,109,,,,,,3,1,,学习计划,,,,,,,,,2,1880,",40008,1,10049,7,10052,7,10234,7",,,
1451,100,tehuishangpin.png,特惠商品：5级学习书,1,15772,,109,,,,,,2,5,,学习计划,,,,,,,,,1,,,,,
2001,598,VIPmonth.png,VIP月卡,1,10001,,10,2016/2/18,0:00:00,2016/2/20,23:59:59,,3,0,,VIP全民大奖,,,,,,,,,,,,,,
2002,5980,VIPyear.png,VIP年卡,1,10002,,10,2014/2/18,0:00:00,2014/2/20,23:59:59,,3,0,,VIP全民大奖,,,,,,,,,,,,,,
2003,100,VIPDaily.png,VIP每日礼包,1,10059,,11,2014/3/1,0:00:00,2020/12/20,23:59:59,1,2,1,,VIP每日礼包,1,,100,1,,,,,,,,,,
2004,0,VIPDaily.png,VIP每日礼包,1,14058,,11,2014/3/1,0:00:00,2014/3/1,23:59:59,2,2,1,,VIP每日礼包,1,,100,1,,,,,,,,,,
2005,100,meirixiango1.png,每日限购礼包,1,14087,,11,2016/1/14,0:00:00,2022/10/24,23:59:59,1,2,1,,每日限购,1,,100,1,,,,,,,,,,
2006,100,meirixiango3.png,每日限购礼包,1,14088,,11,2016/1/14,0:00:00,2022/10/24,23:59:59,2,2,1,,每日限购,1,,100,,,,,,,,,,,
2007,358,duanwuVIPweb1.png,月费VIP,1,10001,,37,2016/8/1,0:00:00,2016/8/1,23:59:59,,3,12,,VIP7.5折活动,,,,,,,,,,,,,,
2008,716,duanwuVIPweb2.png,月费VIP（购买2次）,1,10001,,37,2016/8/1,0:00:00,2016/8/1,23:59:59,,3,12,,VIP7.5折活动,,,,,,,,,,,,,,
2009,1074,duanwuVIPweb3.png,月费VIP（购买3次）,1,10001,,37,2016/8/1,0:00:00,2016/8/1,23:59:59,,3,12,,VIP7.5折活动,,,,,,,,,,,,,,
2010,1432,duanwuVIPweb4.png,月费VIP（购买4次）,1,10001,,37,2016/8/1,0:00:00,2016/8/1,23:59:59,,3,12,,VIP7.5折活动,,,,,,,,,,,,,,
2011,1790,duanwuVIPweb5.png,月费VIP（购买5次）,1,10001,,37,2016/8/1,0:00:00,2016/8/1,23:59:59,,3,12,,VIP7.5折活动,,,,,,,,,,,,,,
2012,2148,duanwuVIPweb6.png,月费VIP（购买6次）,1,10001,,37,2016/8/1,0:00:00,2016/8/1,23:59:59,,3,12,,VIP7.5折活动,,,,,,,,,,,,,,
2013,2506,duanwuVIPweb7.png,月费VIP（购买7次）,1,10001,,37,2016/8/1,0:00:00,2016/8/1,23:59:59,,3,12,,VIP7.5折活动,,,,,,,,,,,,,,
2014,2864,duanwuVIPweb8.png,月费VIP（购买8次）,1,10001,,37,2016/8/1,0:00:00,2016/8/1,23:59:59,,3,12,,VIP7.5折活动,,,,,,,,,,,,,,
2015,3222,duanwuVIPweb9.png,月费VIP（购买9次）,1,10001,,37,2016/8/1,0:00:00,2016/8/1,23:59:59,,3,12,,VIP7.5折活动,,,,,,,,,,,,,,
2016,3580,duanwuVIPweb10.png,月费VIP（购买10次）,1,10001,,37,2016/8/1,0:00:00,2016/8/1,23:59:59,,3,12,,VIP7.5折活动,,,,,,,,,,,,,,
2017,3938,duanwuVIPweb11.png,月费VIP（购买11次）,1,10001,,37,2016/8/1,0:00:00,2016/8/1,23:59:59,,3,12,,VIP7.5折活动,,,,,,,,,,,,,,
2018,4296,duanwuVIPweb12.png,月费VIP（购买12次）,1,10001,,37,2016/8/1,0:00:00,2016/8/1,23:59:59,,3,12,,VIP7.5折活动,,,,,,,,,,,,,,
2019,150,gaizaoqimeirilibao1.png,改造器每日礼包,1,14456,,11,2016/1/14,0:00:00,2032/12/31,23:59:59,2,2,1,,改造器每日限购,1,,150,,,,,,1,,,,,
2020,150,gaizaoqimeirilibao2.png,改造器每日礼包,1,14457,,11,2016/1/14,0:00:00,2032/12/31,23:59:59,1,2,1,,改造器每日限购,1,,150,1,,,,,1,,,,,
2021,150,zhengzhanjinxingshi.png,额外征战次数,1,14587,,52,2024/7/29,0:00:00,2024/7/30,23:59:59,,2,1,,征战进行时,1,,150,,,,,,1,,,,,
2022,1000,meirixiangoA.png,专属限购礼包A,1,15095,,74,2021/12/8,0:00:00,2027/12/31,23:59:59,1,2,1,,强化石每日购,1,,1000,,,,,,1,,,,,
2023,1000,meirixiangoB.png,专属限购礼包B,1,15096,,74,2021/12/8,0:00:00,2027/12/31,23:59:59,2,2,1,,强化石每日购,1,,1000,,,,,,1,,,,,
2024,1000,meirixiangoC.png,专属限购礼包C,1,15097,,74,2021/12/8,0:00:00,2027/12/31,23:59:59,3,2,1,,强化石每日购,1,,1000,,,,,,1,,,,,
2025,150,meirixiango10.png,每日限购礼包,1,15220,,11,2022/10/25,0:00:00,2032/12/20,23:59:59,1,2,1,,每日限购,1,,150,1,,,,,1,,,,,
2026,100,meirixiango8.png,每日限购礼包,1,15221,,11,2022/10/25,0:00:00,2032/12/20,23:59:59,2,2,1,,每日限购,1,,100,,,,,,1,,,,,
2027,20,bujixiangxiangouQm1.png,全民限购,1,15300,,90,2023/4/1,0:00:00,2032/12/31,23:59:59,1,2,1,,补给箱每日购,1,,100,,,,,,1,,,,,
2028,30,bujixiangxiangouVip1.png,VIP基地限购,1,15301,,90,2023/4/1,0:00:00,2032/12/31,23:59:59,2,2,1,,补给箱每日购,1,,250,,,,,,1,,,,,
3001,1000,kuafu.png,跨服争霸资格,1,-1,,12,,,,,,3,1,,跨服争霸,1,,,,,,,,3,,,,,
3002,500,kuafu2.png,跨服阵营战资格,1,-1,,30,,,,,,3,1,,跨服阵营战,1,,,,,,,,3,,,,,
3003,1000,kuafu.png,明星挑战赛资格,1,-1,,31,,,,,,3,1,,明星挑战赛,1,,,,,,,,3,,,,,
